1ch,2ch,3ch,4ch,5ch,6ch,7ch,8ch,class
18.1,6.25,12.25,14.75,5.76,1.96,4.64,7.48,oya
17.23,6.27,12.22,14,5.6,1.95,4.39,7.48,oya
17.1,6.17,12.89,13.7,5.38,2.06,4.36,7.6,oya
15.67,6.64,13.76,13.19,5.39,2.45,4.13,7.61,oya
15.43,6.64,13.77,13.18,5.16,2.45,4.16,8.94,oya
14.64,6.56,13.88,12.4,4.59,2.57,4.09,8.93,oya
14.88,7.57,13.73,11.81,4.59,2.79,4.14,9.45,oya
13.24,7.58,13.67,11.5,4.59,2.75,3.83,9.56,oya
13.07,7.02,13.68,11.49,6.25,2.7,3.82,9.56,oya
11.84,7.01,13.16,11.54,5.99,2.63,3.49,9.56,oya
11.61,7.77,13.08,10.22,5.71,2.63,3.43,9.14,oya
9.98,7.72,11.64,8.96,5.82,2.54,2.78,9.14,oya
9.68,7.72,13.62,8.96,5.92,2.54,2.78,8.31,oya
9.31,7.74,13.84,8.87,6.12,2.59,2.7,8.12,oya
9.99,7.99,13.82,10.04,6.43,2.59,2.73,7.99,oya
8.7,11.91,14.17,9.92,6.44,2.6,2.25,7.05,oya
8.29,11.77,14.06,9.83,7.01,2.6,2.25,7.08,oya
8.09,11.99,14.1,10.26,7.1,2.63,2.2,7.07,oya
7.71,12.11,14.09,9.93,6.54,2.71,2.2,8.47,oya
7.14,12.01,14.1,10.12,6.66,2.74,2.62,9.38,oya
7.14,12,14.16,9.99,6.67,2.74,2.62,9.38,oya
7.09,12.03,14.16,13.39,7.11,2.77,2.62,9.47,oya
8.48,12.08,13.9,13.99,7.23,2.63,2.62,9.5,oya
8.64,12.08,12.92,16.82,7.56,2.43,2.57,9.5,oya
8.51,12.18,12.92,17.24,7.56,2.46,2.52,8.33,oya
8.26,12.75,12.8,17.16,8.07,2.3,2.27,8.38,oya
7.82,12.19,12.96,16.85,8.24,2.02,2.1,7.79,oya
7.73,12.31,13.05,17.15,8.24,2.09,2.11,7.75,oya
7.7,12.31,13.06,17.14,7.48,2.09,2.11,9.29,oya
7.68,12.32,12.97,18.72,7.43,2.09,2.14,9.29,oya
7.21,11.86,12.98,18.68,7.36,2.12,2.14,9.51,oya
7.01,12.16,10.35,18.94,7.68,2.4,2.24,9.45,oya
7.13,12.11,7.21,18.94,7.61,2.39,2.24,9.35,oya
7.46,12.12,6.83,18.94,7.53,2.46,2.25,9.57,oya
7.24,12.12,6.82,18.35,7.29,2.43,2.2,9.39,oya
7.29,8.52,6.16,18.33,7.4,2.43,2.29,9.39,oya
7.5,8.23,6.62,18.38,7.4,2.46,2.2,9.45,oya
7.99,7.88,7.15,18.13,8.81,2.51,2.3,9.45,oya
9.15,7.67,7.17,18.07,8.81,2.58,2.29,8.92,oya
9.15,7.39,7.17,18.57,9.42,2.54,1.69,7.96,oya
9.11,7.53,7.09,18.37,9.67,2.59,1.63,8.13,oya
8.98,7.61,12.07,16.4,9.38,2.59,1.58,8.1,oya
7.81,7.58,11.61,16.05,9.28,2.59,1.6,7.95,oya
7.81,7.17,11.78,14.25,9.23,2.52,1.77,8.91,oya
8.11,7,11.87,14.92,9.25,2.49,1.73,8.86,oya
8.43,8.75,11.94,14.63,8.78,2.49,1.72,8.92,oya
8.44,8.75,11.85,14.56,8.62,2.52,1.83,9.6,oya
8.42,8.64,11.85,14.51,8.61,2.47,1.94,9.51,oya
8.42,8.65,12.42,14.52,8.3,2.43,1.95,8.01,oya
8.58,8.73,12.76,12.82,8.33,2.42,1.91,8.01,oya
9.21,8.95,13.66,14.44,8.28,2.39,1.96,7.74,oya
9.18,8.54,13.96,14.27,8.43,2.29,1.86,7.75,oya
9.3,8.59,13.75,14.4,8.44,2.33,1.82,7.91,oya
9.1,8.54,13.64,14.73,8.39,2.17,1.86,7.65,oya
8.65,10.01,13.64,14.04,8.72,2.17,1.87,7.98,oya
8.63,9.55,14.12,14.04,8.66,2.2,1.75,7.99,oya
9.08,10.12,13.99,14.15,8.16,2.2,1.73,8.61,oya
8.83,10.14,13.73,14.42,6.52,2.28,2.09,8.84,oya
7.94,10.29,14.29,14.39,6.99,2.1,2.09,8.06,oya
7.94,10.22,14.53,13.62,6.11,2.14,2.07,8.37,oya
8.11,10.09,14.52,14.48,6.38,2.22,2.18,8.17,oya
8.26,9.97,10.67,14.1,6.54,2.45,2.21,8.4,oya
8.18,9.97,10.78,15.09,6.72,2.36,2.21,8.42,oya
8.04,10.09,10.63,14.1,6.6,2.26,2.04,7.4,oya
7.74,10.18,10.63,12.85,7.95,2.51,2.04,7.39,oya
7.34,8.63,12.74,12.89,8.19,2.54,2.14,8.3,oya
7.33,9.8,12.68,13.31,8.17,2.54,2.09,7.58,oya
7.44,9.73,12.59,13.84,8.17,2.59,1.97,7.96,oya
7.49,9.82,12.01,13.84,8.36,2.67,1.97,8.06,oya
7.29,9.79,11.83,13.9,8.34,2.68,2.01,8.1,oya
6.5,9.84,10.76,12.18,8.41,2.67,2.07,8.07,oya
6.5,10.04,10.96,12.1,8.01,2.53,2.06,8.08,oya
6.22,10,10.96,11.93,8.03,2.49,2.06,8.13,oya
6.12,10.06,11.39,11.59,8.11,2.52,2.12,8.13,oya
5.89,8.37,11.56,12.27,7.73,2.55,2.12,7.83,oya
5.92,8.33,11.14,12.3,8.38,2.6,2.12,7.93,oya
4.88,7.71,11.75,13.06,8.57,2.79,2.12,7.08,oya
4.71,9.35,11.65,12.73,8.57,2.65,1.77,8.01,oya
4.61,9.5,11.12,12.77,8.14,2.68,1.83,7.93,oya
4.94,9.58,10.8,12.98,8.14,2.65,1.84,7.61,oya
4.94,9.63,10.82,12.09,7.63,2.53,1.73,7.66,oya
4.88,9.75,11.14,13.03,10.66,2.27,1.67,7.33,oya
4.83,9.77,10.98,11.77,10.88,2.53,1.72,7.51,oya
4.77,9.71,11.09,11.56,10.88,2.54,1.72,7.51,oya
5,9.69,11,11.73,9.98,2.28,1.72,7.53,oya
5,10.05,8.35,11.68,9.79,2.33,1.64,6.36,oya
5,8.99,8.37,11.18,9.95,2.3,1.58,6.28,oya
5.32,9.09,12.91,10.28,10.11,2.3,1.6,5.89,oya
5.24,9.03,13.65,13.61,9.97,2.2,1.58,5.74,oya
5.68,8.96,13.62,13.61,10.21,2.46,1.76,5.67,oya
5.68,8.75,13.62,13.87,11.09,2.46,1.64,5.58,oya
5.65,8.75,13.14,16.78,11.33,2.46,1.64,6.15,oya
5.63,8.73,13.29,17.31,11.67,2.7,1.69,6.04,oya
5.63,8.68,13.24,17.41,11.6,2.67,1.69,6.04,oya
5.61,8.91,13.09,17.01,11.6,2.72,1.69,5.97,oya
5.75,9.29,12.91,17.01,11.37,2.65,1.7,6.95,oya
5.77,9.29,12.29,16.5,11.28,2.4,1.72,6.95,oya
5.77,7.59,12.41,17.04,11.77,2.41,1.82,5.51,oya
5.43,7.27,13.04,17.04,11.78,2.41,1.82,5.58,oya
5.12,7.14,13.22,16.98,11.73,2.42,1.92,5.59,oya
5.05,7.1,13.29,16.94,11.71,2.38,1.92,5.68,oya
5.19,6.93,13.09,16.7,9.18,2.42,1.97,5.75,oya
5.58,6.86,13.22,16.81,9.12,2.16,2.04,7.36,oya
5.99,7,13.42,16.81,8.99,2.14,2.04,7.41,oya
5.82,6.94,13.63,16.7,8.97,2.16,2.04,7.41,oya
5.82,5.31,13.63,17.4,8.96,2.06,2.18,7.46,oya
5.97,5.14,13.63,19.05,8.8,2.06,2.18,7.5,oya
5.65,5,9.48,19,8.69,1.95,2.17,7.42,oya
6.35,4.93,8.47,16.77,8.9,1.96,2.17,8.44,oya
5.95,5.17,8.28,16.44,8.76,1.63,1.99,8.46,oya
5.91,5.05,9.86,17.01,7.58,1.69,1.97,8.64,oya
5.89,5.15,9.86,14.03,7.1,2.14,2.17,8.26,oya
5.88,6.26,10.02,13.44,6.61,1.84,2.13,8.15,oya
7.39,6.78,9.6,13.3,6.61,1.84,2.04,9.75,oya
7.46,6.48,9.91,13.23,6.74,1.94,2.21,10.9,oya
7.46,6.1,10.09,13.38,6.47,1.94,2.21,10.76,oya
7.46,6.57,10.09,13.21,6.38,1.99,2.21,10.76,oya
7.69,6.63,12.51,13.7,5.59,1.99,2.21,10.91,oya
8.78,6.77,11.68,19.94,17.88,2.24,2.27,11.38,oya
8.85,8.11,11.47,20.74,17.92,2.32,2.18,12.06,oya
8.94,8.11,11.35,20.74,18.36,2.58,2.27,11.99,oya
8.77,8.22,11.97,20.59,19.2,2.69,2.24,12.55,oya
8.83,8.24,11.87,21.52,19.09,3,2.18,11.6,oya
8.58,8.04,11.87,21.85,19.76,3.2,2.18,11.58,oya
8.63,8.04,11.92,21.87,19.96,3.19,2.18,11.67,oya
8.77,8.05,11.92,21.4,20.08,3.19,2.04,11.81,oya
8.85,8.08,11.9,19.92,20.37,3.19,2.05,11.99,oya
9.4,8.25,12.46,20.02,20.36,3.19,2.06,12.57,oya
9.47,8.54,12.59,20.38,20.63,3.46,2.06,11.91,oya
9.49,8.4,12.62,20.34,20.84,3.46,2.06,11.93,oya
9.55,8.47,11.46,20.13,21.3,3.54,2.11,12,oya
10.11,8.28,11.63,20.16,21.67,3.29,1.92,12.22,oya
10.2,7.48,11.32,20.13,21.64,3.35,1.91,12.22,oya
9.24,8.67,11.32,20.12,21.64,3.46,2.01,11.04,oya
9.55,8.68,11.05,20.19,21.85,3.34,1.82,10.18,oya
9.59,8.64,10.98,20.12,21.83,3.33,1.8,9.92,oya
9.67,8.58,11.68,20.19,21.96,3.42,1.84,9.92,oya
9.37,8.54,8.93,19.46,21.93,3.44,1.63,9.92,oya
8.35,8.38,9.15,12.96,13.86,3.29,1.48,9.66,oya
8.7,7.14,9.28,11.89,14.08,3.22,1.48,9.06,oya
8.47,7.13,9.39,12.06,13.5,3.02,1.4,9.44,oya
8.64,7,9.04,11.65,12.09,2.89,1.45,8.98,oya
8.31,7.1,8.97,9.84,12.22,2.57,1.38,9.52,oya
8.21,8.05,8.51,9.67,11.65,2.36,1.36,9.54,oya
8.63,8.05,8.58,9.63,12.49,2.4,1.36,9.73,oya
8.49,8.07,8.81,10,12.3,2.65,1.7,10.33,oya
8.87,8.23,9.27,10.29,13.77,2.78,1.75,10.15,oya
8.22,8.05,8.46,10.09,13.76,2.78,1.95,9.73,oya
7.6,7.76,8.16,9.61,15.54,2.45,2,9.75,oya
7.58,7.81,9.98,11.11,15.22,2.45,1.99,9.8,oya
7.5,7.85,9.96,10.29,14.79,2.32,1.95,9.54,oya
6.74,7.74,9.82,10.24,14.32,2.32,1.95,9.89,oya
6.61,11.99,9.82,10.98,14.33,2.22,2.14,9.95,oya
6.65,10.87,11.18,11.05,14.57,2.09,2.09,10.05,oya
6.12,10.97,11.36,11.05,14.18,2.13,2.09,10.23,oya
5.89,10.94,14.24,12.29,14.15,2.14,2.09,9.99,oya
6.24,11.11,14.93,13.13,13.93,1.95,2.05,9.99,oya
6.33,12.33,14.89,13.06,13.97,2.1,2.04,9.85,oya
6.79,13.81,14.8,13.19,14.08,2.16,2.14,9.54,oya
6.97,13.79,14.85,12.82,13.83,2.17,2.14,9.49,oya
7.06,13.81,14.81,12.82,13.83,2.26,2.2,9.12,oya
7.51,13.92,14.56,12.82,13.83,2.27,2.16,8.8,oya
7.65,13.87,14.55,12.59,13.77,2.27,2.17,8.28,oya
7.85,13.46,14.91,12.13,13.42,2.24,2.27,8.28,oya
7.41,13.45,14.69,12.91,12.75,2.37,2.27,7.91,oya
7.44,14.23,14.66,13.58,12.75,2.27,1.99,7.8,oya
7.35,14.74,14.43,13.94,10.61,2.09,1.95,7.72,oya
7.35,15.02,14.43,13.92,10.59,2.12,1.75,7.37,oya
7.36,15,14.54,13.74,6.64,2.12,1.7,7.34,oya
7.4,15.14,13.35,12.71,6.55,2.12,1.7,7.49,oya
7.46,15.11,13.34,12.7,6.01,2.12,1.69,7.49,oya
7.48,15.15,13.32,12.69,5.95,2.11,1.73,6.59,oya
7.69,12.52,13.32,12.33,6.07,2.11,1.63,6.68,oya
7.57,13.59,12.19,13.74,7.33,2.25,1.7,6.47,oya
7.7,13.77,12.02,13.69,7.35,2.38,1.7,5.87,oya
7.99,13.77,8.43,13.13,13.75,2.41,1.7,5.81,oya
8.06,13.63,6.21,12.08,14.68,2.87,1.69,5.95,oya
8.03,12.58,6.27,13.69,14.66,2.81,1.7,6.02,oya
7.66,10.91,6.19,13.81,14.56,2.74,1.57,6.02,oya
7,10.94,5.85,13.84,14.55,2.81,1.57,5.95,oya
7.04,10.92,5.81,15.74,14.74,2.74,1.57,5.98,oya
6.4,11.35,5.67,15.74,15.01,2.95,1.57,6.07,oya
6.4,11.37,6.18,15.89,14.94,2.97,1.55,5.88,oya
6.4,12.75,5.2,16.7,14.9,3,1.41,5.97,oya
6.26,13.07,5.2,16.25,14.52,2.86,1.41,5.98,oya
6.24,15.13,5,15.53,14.58,2.76,1.47,4.64,oya
5.56,14.52,9.19,15.53,15.27,2.79,1.45,4.64,oya
5.6,14.52,9.29,15.53,15.51,2.79,1.43,4.6,oya
5.65,14.52,9.18,15.84,16.47,2.86,1.48,4.73,oya
5.59,14.64,9.27,16.68,16.54,2.85,1.48,4.34,oya
5.55,14.61,9.31,16.77,16.68,2.82,1.55,4.35,oya
5.77,15.11,10.39,16.95,16.63,2.83,1.86,5.36,oya
5.64,14.78,11.14,17.02,16.6,2.86,1.75,5.24,oya
5.68,14.86,11.57,15.85,15.98,2.73,1.61,5.22,oya
5.47,15.22,11.62,15.79,16.04,2.58,1.66,4.98,oya
5.11,15.21,11.6,15.28,11.05,2.63,1.66,5.02,oya
4.63,15.01,12.04,15.41,9.79,2.12,1.79,5.53,oya
4.67,15.44,12.25,14.43,9.75,2.01,1.83,5.42,oya
5.26,15.48,12.37,14.25,11.24,2.29,2.04,5.86,oya
5.33,15.5,12.82,14.26,11.56,2.2,2.07,5.62,oya
5.63,17.57,12.81,12.58,11.37,2.29,2.16,5.98,oya
5.67,17.21,12.81,12.58,11.14,2.05,2.33,5.89,oya
5.47,17.19,12.58,12.67,11.52,2.01,2.35,5.92,oya
5.17,16.13,13.27,13.16,11.49,1.97,2.38,5.77,oya
5.19,15.99,13.21,13.1,11.48,1.99,2.41,5.79,oya
5.17,13.49,13.18,12.87,11.41,1.94,2.38,6.36,oya
5.3,13.57,11.34,12.28,10.42,1.9,2.39,6.4,oya
5.63,13.26,11.28,12.18,10.19,1.9,2.39,6.37,oya
5.59,13.67,11.54,13.44,10.84,1.77,2.39,6.3,oya
5.59,13.51,11.44,12.22,10.73,1.79,2.48,6.27,oya
5.56,13.98,11.46,12.75,10.89,1.79,2.45,6.32,oya
5.27,13.57,10.69,12.58,10.92,1.99,2.28,5.5,oya
5.27,13.55,9.91,12.98,11.61,1.95,2.37,5.39,oya
5.22,12.37,9.42,13.19,11.45,1.95,2.38,5.37,oya
5.39,11.61,9.38,13.67,11.61,2.14,2.38,5.48,oya
5.5,11.59,9.35,13.65,11.66,2.04,2.39,5.57,oya
5.28,16.57,8.89,13.62,11.76,2.07,2.29,4.88,oya
8.11,16.68,10.72,13.41,11.75,2.36,2.35,4.9,oya
8.34,17.86,10.66,13.88,10.36,2.09,2.17,4.36,oya
8.59,17.94,10.2,18.07,10.21,2.09,2.13,4.34,oya
8.44,15.96,10.42,17.62,10.53,1.99,1.95,3.74,oya
8.36,16.1,11.9,18.69,10.46,1.95,1.75,3.82,oya
8.45,16.23,13.34,18.5,9.99,1.99,1.86,3.82,oya
8.46,16.79,12.65,17.55,10.18,1.97,1.82,3.81,oya
8.63,21.83,12.66,18.34,10.47,2.01,1.76,5.19,oya
8.7,22.84,12.74,18.34,10.48,2.02,1.75,4.44,oya
8.6,23.03,12.1,18.47,10.48,2.02,1.79,4.66,oya
8.55,23.21,12.18,18.58,10.4,1.99,1.79,4.66,oya
8.57,23.32,12.77,17.5,7.95,2.04,1.79,4.7,oya
8.75,23.27,12.84,17.5,7.95,2.02,1.79,4.72,oya
8.75,23.06,12.84,17.61,7.45,2.13,1.9,4.82,oya
8.85,23.04,12.74,18.01,7.56,2.05,1.79,5.74,oya
8.82,23.1,13.22,17.59,6.78,2.32,1.79,5.89,oya
9.29,23.22,13.24,17.74,6.98,2.48,1.83,5.96,oya
9.21,23.22,13.5,17.83,6.63,2.41,1.9,6.35,oya
9.09,23.22,13.57,17.85,6.57,2.41,1.9,6.24,oya
9.26,20.03,13.61,18.12,7.01,2.38,1.91,6.24,oya
7.12,19.86,11.97,17.97,7.07,2.14,1.8,6.29,oya
6.43,18.94,12,17.68,7.32,2.18,1.86,6.39,oya
6.03,18.96,11.98,13.32,7.53,2.21,1.9,6.41,oya
5.97,18.93,12.93,13.32,7.17,2.21,1.9,6.4,oya
5.97,18.96,11.57,12.22,7.05,2.3,1.94,6.47,oya
5.83,18.85,10.23,12.22,7.04,2.26,1.94,6.45,oya
5.83,18.54,11.45,12.02,6.73,2.27,1.94,7.61,oya
5.55,12.06,11.54,10.71,6.65,2.24,2.05,6.89,oya
5.48,9.83,12.44,10.93,6.64,2.27,2.06,7.02,oya
5.84,9.37,12.44,10.84,6.91,2.27,2.02,6.9,oya
5.57,9.04,12.74,11.46,8.18,2.3,2.07,6.91,oya
5.54,8.11,11.86,11.59,8.18,2.27,2.02,7.14,oya
5.29,8.59,11.95,11.61,8.25,2.28,1.92,7.21,oya
5.4,11.95,12.36,10.72,8.2,2.18,1.8,7.37,oya
5.27,11.91,12.98,10.18,8.49,2.26,2.11,6.67,oya
5.17,17.52,13.25,10.02,8.19,2.38,2.54,6.72,oya
4.28,17.35,13.23,9.66,8,2.25,2.54,6.72,oya
4.25,17.36,13.28,8.85,8.03,2.19,2.49,6.29,oya
4.44,17.38,13.28,9.21,8.02,2.19,2.52,6.57,oya
4.07,17.36,14.24,9.59,7.48,2.36,2.52,6.58,oya
3.54,17.21,14.49,9.87,7.55,2.31,2.55,6.52,oya
3.81,17.07,14.45,9.68,7.55,2.27,2.55,6.43,oya
3.87,16.96,14.58,9.75,7.14,2.32,2.52,6.49,oya
4.38,17.08,13.55,9.84,7.09,2.41,2.55,7.63,oya
4.42,17.38,13.55,9.29,7.15,2.32,2.52,7.6,oya
4.44,19.15,13.29,10.73,7.27,2.33,2.44,7.59,oya
4.52,18.93,12.45,15.33,7.96,2.33,2.47,6.43,oya
4.78,19.19,14.17,15.65,7.66,2.32,2.42,6.26,oya
5.06,19.59,13.7,15.5,8.19,2.32,2.42,6.18,oya
4.73,19.54,13.96,15.78,7.96,2.32,2.42,6.15,oya
4.75,19.48,13.78,18.35,8.08,2.29,2.63,6.14,oya
4.73,19.54,13.83,18.42,8.09,2.45,2.64,5.8,oya
4.76,19.3,13.69,18.51,8.03,2.45,2.63,5.7,oya
5.59,17.35,13.3,18.51,8.06,2.49,2.63,5.33,oya
5.71,18.07,12.63,18.6,7.6,2.42,2.39,5.33,oya
5.8,12.86,11.82,18.69,7.71,2.06,1.8,5.12,oya
5.87,12.86,12.11,18.67,7.87,2.02,1.76,5.04,oya
6.18,13,12.16,19.33,9.43,2.39,1.76,5,oya
6.05,13.19,12.05,20.44,10.07,2.4,1.76,4.6,oya
6.05,13.13,10.56,19.97,10.13,2.22,1.76,4.63,oya
6.07,12.92,10.24,19.8,10.04,2.27,1.7,4.65,oya
5.88,12.88,10.19,19.87,9.84,2.27,1.7,4.78,oya
5.86,12.96,10,19.84,10.41,2.35,1.7,4.7,oya
5.43,12.83,10.2,21.72,10.41,2.35,1.99,3.29,oya
5.36,12.39,12.07,21.75,10.37,2.38,1.97,3.11,oya
5.42,9.43,12.1,21.13,10.31,2.41,1.97,3.17,oya
5.36,9.43,12.06,18.14,9.84,2.49,1.92,4.77,oya
5.43,9.23,9.87,17.83,9.82,2.58,2.07,4.88,oya
5.21,8.22,9.28,18.17,9.54,2.58,2.06,4.8,oya
5.21,8.3,9.07,18.22,9.66,2.66,2.06,4.75,oya
5.18,8.41,9.19,15.09,8.59,2.68,1.79,5.16,oya
5.54,8.29,9.09,14.92,8.62,2.68,1.77,5.27,oya
5.63,8.39,9.22,15.16,8.61,2.68,1.79,5.31,oya
4.81,8.51,9.85,15.19,8.66,2.73,1.79,5.35,oya
4.62,6.97,10.11,14.99,8.7,2.66,1.9,5.35,oya
4.49,6.67,10.46,15.07,8.61,2.7,1.9,5.55,oya
4.4,6.66,11.89,15.38,8.51,2.73,1.94,5.57,oya
3.94,6.49,11.48,15.46,7.05,2.39,1.88,5.6,oya
4.07,6.01,12.15,13.89,6.1,2.38,1.84,5.6,oya
4.28,6.1,12.24,14.24,6.66,2.39,1.88,5.67,oya
4.4,10.79,12.27,14.29,7.1,2.36,1.9,5.93,oya
4.52,10.8,12.4,14.39,7.22,2.37,1.86,5.98,oya
4.51,10.8,12.35,14.77,6.74,2.2,1.86,5.96,oya
4.46,10.95,12.53,11.77,7.36,2.11,1.48,5.59,oya
4.88,10.9,11.05,11.83,7.41,2.07,1.55,6.11,oya
4.82,10.9,11.05,11.98,7.47,2.04,1.53,6.17,oya
4.82,10.92,10.92,13.98,8.84,2.35,1.55,5.07,oya
4.62,10.64,11.98,16.35,8.88,2.35,1.34,4.99,oya
5.77,10.81,12.15,16.03,8.84,2.35,1.36,5.12,oya
5.72,10.73,12.03,16.03,8.8,2.25,1.5,5.14,oya
6.21,10.65,12.81,16.17,8.73,2.25,1.5,4.75,oya
6.14,10.69,12.93,16.94,8.7,2.07,1.57,4.62,oya
6.06,10.77,12.84,16.94,8.7,2.11,1.61,4.59,oya
5.96,10.66,12.34,17.54,8.64,2.01,1.63,4.88,oya
5.96,10.46,12.11,17.84,8.6,2.05,1.5,4.92,oya
6.1,10.33,12.97,17.67,9.79,2.13,1.75,4.75,oya
6.96,11.01,11.38,18.18,10.11,2.09,1.7,4.75,oya
6.98,12.07,11.51,17.78,9.9,2.12,2.04,6.05,oya
6.92,12.11,10.8,17.64,10.01,2.17,2.07,6.05,oya
6.79,12.35,10.7,17.47,9.84,2.2,2.02,6.05,oya
6.88,8.66,11.82,17.42,9.57,2.24,2.02,5.99,oya
6.88,8.63,11.68,17.36,9.5,2.49,2.12,5.87,oya
6.88,8.59,15.12,17.18,9.35,2.49,2.12,5.89,oya
6.88,8.5,14.84,17.18,8.75,2.57,2.13,5.83,oya
6.64,8.26,14.68,17.11,8.89,2.6,2.1,5.33,oya
6.66,8.25,14.66,17.3,9.51,2.6,2.1,5.76,oya
7.01,8.65,14.9,15.71,8.15,2.4,2.1,5.83,oya
6.95,8.64,14.09,13.21,8.34,2.35,2.06,5.95,oya
5.97,8.43,13.95,13.72,8.21,2.31,2.1,5.88,oya
6.16,8.47,14.08,13.61,8.53,2.31,2.04,6.01,oya
5.65,8.46,13.2,13.41,8.48,2.27,2,6.01,oya
6.21,8.44,13.08,12.3,8.76,2.27,2,6.5,oya
6.34,8.2,13.09,11.85,8.79,2.24,2,6.52,oya
6.72,8.2,13.27,11.39,8.85,2.4,2.18,7.45,oya
6.78,10.15,13.27,10.87,9.11,2.37,2.17,7.54,oya
6.68,10.15,12.24,11.7,7.92,2.2,1.97,7.65,oya
6.57,10.83,12.73,10.28,7.47,2.25,1.96,7.71,oya
6.63,9.54,12.65,9.55,7.35,2.21,1.63,6.72,oya
6.6,9.59,12.64,9.62,8.13,2.18,1.58,6.7,oya
6.6,9.28,13.07,9.39,7.89,2.14,1.64,6.67,oya
6.44,9.32,12.11,9.48,7.85,2.11,1.64,6.55,oya
6.38,9.58,12.4,9.33,7.98,1.79,1.5,6.61,oya
6.4,9.46,7.84,9.16,7.98,1.9,1.55,8.08,oya
6.37,9.37,7.84,9.33,8.47,1.77,1.6,8.32,oya
6.34,9.43,8,9.29,8.29,1.72,1.58,8.31,oya
6.45,9.56,8.15,8.62,7.51,1.72,1.6,8.05,oya
6.3,9.2,7.73,11.56,9.36,1.99,1.82,8.08,oya
6.27,10.54,7.71,12.17,9.14,1.95,1.92,9.14,oya
6.27,10.54,10.22,12.41,9.3,1.94,1.88,9.44,oya
6.11,10.51,10.14,12.24,8.91,1.99,1.95,9.35,oya
6.17,10.51,10.22,12.26,8.9,2,1.95,9.34,oya
5.39,10.59,10.37,12.9,8.64,2,1.9,9.02,oya
5.18,10.6,10.48,13.11,8.61,2,1.84,9.13,oya
4.72,10.63,10.53,12.96,8.73,1.84,1.61,8.2,oya
4.64,8.75,10.57,12.94,8.44,1.88,1.67,8.94,oya
4.78,8.73,10.57,12.27,9.35,1.92,1.8,9.14,oya
4.03,6.92,10,12.28,9.85,2.07,1.82,9.09,oya
4.18,6.94,10.49,12.33,9.86,2.06,1.8,9.19,oya
4.27,6.82,10.55,12.31,9.23,2.05,1.8,9.19,oya
4.29,7.02,10.42,12.35,9.48,2.05,1.76,9.15,oya
4.24,6.79,10.59,12.3,9.52,2.04,1.75,9.12,oya
4.2,6.51,10.24,12.3,9.39,2.05,1.75,9.12,oya
4.38,6.64,10.24,12.39,9.35,1.95,1.7,7.82,oya
4.87,6.64,10.39,12.29,8.89,2.14,1.66,8.02,oya
4.91,6.55,12.05,12.74,9.85,2.32,1.72,8.16,oya
5.22,7.91,11.94,12.72,9.86,2.32,1.76,8.05,oya
4.93,7.88,11.9,10.44,8.24,1.95,1.52,7.94,oya
5.05,6.03,12.05,9.78,8.25,2.05,1.43,6.65,oya
5.11,6.06,10.21,9.58,8.2,2.1,1.48,6.2,oya
5.07,6.53,10.1,9.24,8.21,2.1,1.34,6.26,oya
5.11,6.58,10.06,9.17,8.2,2.1,1.4,6.32,oya
6.59,6.4,10.1,9.17,8.28,2.1,1.4,6.49,oya
6.57,6.36,10.6,8.83,8.47,2.19,1.47,6.32,oya
6.55,6.34,10.32,9.86,8.39,2.25,1.61,6.32,oya
7.47,7.07,10.42,9.83,8.46,2.21,1.57,5.12,oya
7.38,7.14,10.32,9.69,7.32,2.27,1.48,4.49,oya
7.72,7.24,11.19,9.68,6.68,2.19,1.61,5.71,oya
7.56,7.29,10.7,9.62,6.8,2.24,1.63,5.59,oya
7.51,7.29,10.7,10.08,6.65,2.28,1.63,5.59,oya
7.55,7.13,10.3,10.34,6.32,2.28,1.67,5.68,oya
7.55,7.13,10,10.92,6.72,2.38,1.69,5.77,oya
7.6,7.07,10.12,11.01,6.73,2.38,1.7,5.66,oya
7.48,6.95,10.36,12.74,6.58,2.41,1.75,6.17,oya
7.36,6.92,10.25,12.8,6.75,2.25,1.95,5.56,oya
7.36,6.98,8.05,12.39,5.36,2.07,1.91,5.41,oya
7.07,5.17,8.07,12.43,5.65,2.17,1.97,5.41,oya
7.14,5.47,8.79,12.33,5.53,2.13,2.02,5.57,oya
7.11,8.61,8.56,12.67,5.55,2.02,1.99,5.46,oya
7.23,8.61,8.35,12.02,5.35,1.99,1.94,5.46,oya
7.24,8.44,10.43,13.84,5.33,1.95,1.97,5.46,oya
7.18,8.5,10.31,14.02,5.4,2.13,1.94,5.46,oya
5.9,8.54,10.52,13.43,5.69,2.13,1.99,5.4,oya
6.31,8.57,9.99,13.43,5.48,2.07,1.94,5.39,oya
6.36,8.57,10.04,12.41,5.43,1.97,1.82,5.39,oya
5.37,7.98,9.94,12.69,5.43,2.01,1.82,5.39,oya
5.78,7.95,10.17,14.78,7.17,1.95,1.82,5.83,oya
4.99,7.95,9.14,14.78,7.46,1.84,1.75,4.69,oya
5,8.19,9.14,15.44,7.35,1.84,1.79,4.66,oya
5.23,10.87,9.12,15.35,7.35,1.8,1.77,4.71,oya
5.23,10.8,9.12,15.64,7.4,1.84,1.73,4.59,oya
5.35,11.12,9.64,16,6.97,1.73,1.73,4.89,oya
5.29,11.12,9.56,16.3,7,1.73,1.72,5.38,oya
5.29,11.5,9.29,14.87,7,1.67,1.72,4.86,oya
5.22,11.72,9.42,14.93,7.53,1.83,1.83,7.05,hito
5.15,11.77,9.4,15.26,14.47,2.47,1.92,7.05,hito
5.7,12.05,8.69,15.07,14.7,2.5,2.18,6.96,hito
6.33,10.07,10.7,14.8,15.17,2.84,2.44,6.97,hito
6.17,10.27,10.69,14.88,15.21,2.84,2.45,6.97,hito
6.3,10.13,8.67,14.77,16.05,2.86,2.76,6.94,hito
6.28,10.05,8.81,14.6,16.08,2.76,2.78,6.94,hito
6.28,10.07,8.39,14.63,15.94,2.76,2.78,6.81,hito
5.87,10.06,8.31,14.96,15.97,2.76,2.82,6.81,hito
5.91,11.18,8.26,14.99,15.97,2.76,2.82,6.83,hito
5.81,11.18,8.54,14.91,15.93,2.72,2.82,6.8,hito
5.37,11.41,12.17,12.93,15.36,2.69,2.78,6.46,hito
5.59,14.17,12.16,13.16,15.27,2.72,2.76,6.41,hito
7.59,14.03,12.31,12.88,15.27,2.72,2.86,6.4,hito
9.04,12.07,12.29,12.72,15.27,2.75,3.16,6.38,hito
9.21,12.14,12.54,12.08,15.19,2.75,3.19,6.36,hito
9.67,11.84,12.14,11.09,15.19,2.75,3.19,6.05,hito
9.72,11.83,12.11,11.32,15.2,2.77,3.19,5.64,hito
10.03,11.47,12.11,11.44,15.2,2.81,3.23,5.57,hito
10.03,11.38,12.11,11.92,15.42,2.81,3.26,2.16,hito
10.12,11.67,12.01,11.85,15.5,2.78,3.14,2.06,hito
10.27,11.61,12.02,11.73,9.31,2.13,3.08,2.06,hito
9.94,11.26,12.48,12.47,8.94,2.1,2.87,2,hito
9.87,11.24,10.81,12.42,8.11,1.63,2.65,2,hito
9.86,11.05,10.91,12.25,8.11,1.63,2.72,1.96,hito
9.93,11.07,10.92,10.93,6.38,1.57,2.37,1.86,hito
9.92,11.14,10.79,14.27,6.62,1.57,2.33,1.64,hito
9.86,11.79,10.79,14.3,6.72,1.57,2.29,1.66,hito
9.98,11.78,10.92,14.65,6.65,1.57,2.35,1.7,hito
9.92,10.71,11.01,14.76,6.56,1.61,2.35,1.64,hito
10.22,11.97,10.92,14.61,11.09,1.67,2.35,1.57,hito
10.28,11.77,6.26,14.53,10.91,1.67,2.35,1.41,hito
10.2,8.17,6.27,14.38,10.91,1.75,2.35,1.41,hito
8.81,8.24,5.98,13.99,10.9,1.69,2.18,1.43,hito
7.16,8.29,5.98,14.22,13.96,1.86,1.77,1.43,hito
6.88,8.25,6.28,14.22,14.1,1.8,1.72,1.43,hito
6.16,9.84,6.3,14.32,14.18,1.8,1.72,1.52,hito
6.07,13.91,6.3,13.68,14.16,1.76,1.7,1.45,hito
5.62,13.92,6.29,14.15,14.19,1.83,1.7,1.52,hito
6.13,16.15,6.39,13.64,13.68,1.83,1.87,1.64,hito
5.71,15.86,6.58,13.79,13.59,1.83,1.76,1.69,hito
5.49,16.13,7,13.7,13.48,1.83,1.64,1.69,hito
5.67,16.07,6.46,13.06,13.47,1.83,1.66,1.97,hito
5.31,16.44,7.07,13.05,13.46,1.87,1.79,2.04,hito
5.31,16.44,7.07,13.08,13.43,1.97,1.66,2.07,hito
5,16.5,7.06,12.51,13.41,1.99,1.66,2.11,hito
5.01,16.54,7.04,8.54,13.23,1.94,1.66,2.11,hito
5.01,16.35,6.96,9,13.16,2.22,1.79,2.14,hito
4.77,17.51,7.42,7.81,14.45,2.22,1.67,2.14,hito
4.85,17.51,7.25,8.45,14.66,2.28,2.01,2.16,hito
4.18,20.45,7.83,8.61,11.72,2.25,2.05,2.11,hito
4.13,20.48,7.85,8.9,11.71,2.25,2.06,2.11,hito
4.06,20.49,7.88,8.8,11.62,2.16,2.1,2.11,hito
4.06,20.44,7.91,8.92,11.69,2.2,2.13,2.1,hito
4.06,20.42,8.95,8.6,7.8,2.01,2.19,2.1,hito
4.04,20.47,8.41,11.92,8.25,2.06,2.37,2.09,hito
4.28,19.83,8.4,13.42,8.13,2.06,2.37,1.99,hito
4.73,17.54,8.45,17.33,9.17,2.05,2.46,2,hito
4.83,18.41,8.55,16.85,9.17,1.94,2.38,2,hito
4.17,16.47,8.55,17.09,8.99,1.87,2.2,1.9,hito
4.26,17.17,9.28,17.3,9.04,1.97,2.29,1.96,hito
4.17,16.98,8.98,17.16,9.03,1.99,2.32,2,hito
4.46,17.31,8.93,17.15,9.02,1.99,2.41,1.72,hito
4.11,17.63,8.79,17.21,9.01,2.05,2.36,1.82,hito
4.09,17.61,8.66,17.37,9.01,1.94,2.37,1.77,hito
4.77,17.55,8.79,17.39,8.99,1.92,2.38,1.72,hito
4.75,17.46,8.79,17.43,8.98,1.97,2.41,1.72,hito
4.75,17.19,8.79,17.39,9,1.64,2.36,1.66,hito
4.83,16.06,8.64,17.39,6.97,1.58,2.36,1.61,hito
4.75,16.07,9.26,16.98,6.62,1.45,2.07,1.66,hito
4.76,11.08,8.62,17.01,6.53,1.43,2.02,1.66,hito
4.73,12.41,8.63,17.19,6.76,1.43,2.02,1.67,hito
4.79,12.83,8.61,17.19,6.84,1.48,1.99,1.63,hito
5.03,12.94,8.67,17.07,6.72,1.43,1.95,1.69,hito
5.03,13.09,7.59,17.28,6.89,1.45,1.84,1.64,hito
5.03,13,7.56,15.17,6.12,1.38,1.61,1.7,hito
4.78,12.91,7.95,13.73,6.28,1.43,1.66,1.82,hito
4.34,12.8,7.95,9.02,4.63,1.45,1.53,1.82,hito
4.7,11.69,7.83,9.12,4.49,1.45,1.58,1.77,hito
4.69,11.69,7.77,8.82,4.67,1.4,1.6,1.76,hito
5.22,11.26,7.42,9.2,4.58,1.66,1.7,1.76,hito
5.24,11.19,7.39,9.35,4.71,1.66,1.66,1.7,hito
4.92,10.74,7.2,9.34,4.71,1.7,1.53,1.64,hito
4.92,9.57,6.79,10.33,4.79,1.58,1.48,1.45,hito
4.92,9.59,7.77,10.33,4.77,1.58,1.48,1.43,hito
4.28,9.74,8.07,10.31,4.73,1.82,1.48,1.45,hito
4.33,10.05,8.44,10.34,4.86,1.77,1.43,1.58,hito
4.34,10.22,8.44,10.08,4.9,1.76,1.36,1.6,hito
4.34,10.14,9.06,11.98,4.47,1.82,1.41,1.58,hito
4.33,10.18,8.44,11.98,4.69,1.82,1.48,1.52,hito
4.4,9.99,8.37,12.97,4.64,1.82,1.55,1.58,hito
4.35,8.97,8.69,13.72,4.33,1.86,1.67,1.8,hito
4.31,8.33,8.71,13.73,4.24,1.8,1.66,1.84,hito
4.02,8.22,8.61,13.75,4.24,1.79,1.77,1.79,hito
4.07,7.97,8.59,13.33,3.99,1.79,1.77,1.79,hito
4.09,7.93,8.82,13.99,3.94,1.79,1.79,1.75,hito
4.1,7.99,8.61,14.15,3.62,1.75,1.73,1.61,hito
4.15,7.45,8.61,13.91,4.04,1.86,1.77,1.61,hito
3.49,7.51,8.63,13.86,4.06,1.97,1.73,1.6,hito
3.61,7.51,10.92,13.75,3.81,1.97,1.72,1.61,hito
2.65,6.61,10.32,13.08,3.81,1.69,1.61,1.47,hito
2.65,6.97,10.38,13.08,3.65,1.69,1.6,1.47,hito
2.32,6.97,10.51,13.62,4.07,1.64,1.6,1.48,hito
3.19,7.52,10.54,13.54,4.02,1.76,1.6,1.41,hito
3.32,7.65,9.85,13.85,4.12,1.82,1.6,1.43,hito
3.29,7.47,10.13,13.89,4.26,1.6,1.58,1.43,hito
3.41,7.18,11.53,14.2,4.11,1.64,1.63,1.34,hito
3.43,8.6,11.55,14.71,4.11,1.7,1.64,1.34,hito
3.66,8.7,10.75,14.25,4.48,1.66,1.72,1.36,hito
3.66,8.91,10.92,14.27,4.2,1.66,1.67,1.38,hito
3.61,8.85,10.92,13.89,4.16,1.67,1.63,1.32,hito
3.67,8.14,10.65,12.73,4.16,1.67,1.63,1.07,hito
3.72,8.24,10.94,13.1,4.1,1.67,1.63,1,hito
3.95,8.31,11.32,13.35,4.1,1.67,1.55,1,hito
3.9,8.32,12.01,13.67,4.06,1.72,1.6,1,hito
3.88,8.67,11.84,12.99,4.25,1.84,1.58,1,hito
3.9,8.56,11.74,12.92,4.46,1.83,1.6,1.02,hito
4.44,9.28,12.12,12.76,4.09,1.76,1.67,1.34,hito
4.45,9.01,12.13,13.58,4.09,1.63,1.72,1.36,hito
4.8,9.19,10.13,13.57,4.04,1.67,1.73,1.36,hito
4.84,9.1,10.32,13.83,4.09,1.84,1.73,1.38,hito
4.9,10.44,10.27,13.8,4.09,1.88,1.75,1.45,hito
4.96,10.67,12.39,13.63,3.7,1.88,1.79,1.45,hito
4.46,10.33,12.43,13.11,3.75,1.82,1.9,1.47,hito
5.94,12.09,12.43,13.83,3.67,1.77,1.88,1.45,hito
5.97,12.47,11.96,13.81,3.49,1.82,1.94,1.43,hito
6.07,12.64,10.34,17.03,4.69,2.09,2,1.43,hito
6.06,11.63,10.33,17.41,4.74,2.04,2,1.43,hito
6.19,11.57,10.32,16.57,4.48,2.02,1.9,1.43,hito
6.22,11.35,10.17,16.93,4.39,2.01,1.9,1.43,hito
6.19,11.39,10.22,17.39,4.36,2.01,1.94,1.41,hito
6.17,11.46,10.37,17.52,4.33,2.01,1.87,1.36,hito
6.58,12.49,10.08,17.41,4.34,2.06,1.87,1.5,hito
6.45,12.72,10.08,18.63,4.67,2.07,1.94,1.52,hito
6.58,13.04,9.25,18.63,4.66,2.04,1.9,1.57,hito
6.61,13.43,9.47,19.16,4.42,1.92,2.01,1.57,hito
6.63,13.43,9.47,19.11,4.21,1.92,2.11,1.55,hito
6.31,13.49,9.04,19.19,4.21,1.88,2.19,1.26,hito
6.34,14.78,10.27,18.77,4.28,1.9,2.19,1.32,hito
6.88,14.7,10.25,19.2,4.36,1.9,2.36,1.47,hito
6.85,14.69,10.14,19.27,4.52,1.73,2.3,1.45,hito
6.88,13.9,10.19,19.27,4.52,1.67,2.3,1.4,hito
7.06,13.98,7.47,19.04,4.52,1.72,2.26,1.45,hito
7.06,13.94,7.52,19.82,4.43,1.66,2.17,1.45,hito
5.8,12.4,7.52,18.95,4.43,1.66,2.18,1.47,hito
5.76,12.2,7.49,19.02,5.18,1.61,2.13,1.48,hito
5.71,13.01,7.49,16.47,4.28,1.16,2.02,1.57,hito
5.81,12.96,7.64,15.62,4.13,1.18,2.02,1.57,hito
5.47,13.03,7.68,15.92,4.06,1.36,2.06,1.57,hito
5.59,13.06,7.71,15.56,4.11,1.43,2.1,1.61,hito
5.59,13.26,8.02,14.43,4.09,1.43,2.06,1.63,hito
5.59,13.18,7.93,14.7,4.54,1.52,2.01,1.63,hito
5.03,12.34,7.9,14.51,4.56,1.45,2.01,1.48,hito
5.1,12.09,7.47,12.78,4.21,1.45,1.91,1.53,hito
4.92,11.74,8.69,12.61,4.24,1.43,1.9,1.61,hito
4.88,11.03,9.67,12.04,4.27,1.45,1.83,1.66,hito
4.84,11.14,9.67,13.42,4.32,1.7,1.72,1.72,hito
4.94,11.38,9.6,13.71,4.46,1.75,1.48,1.73,hito
5.29,10.46,8.35,13.5,4.46,1.73,1.41,1.69,hito
5.15,14.45,8.35,12.98,4.64,1.73,1.28,1.57,hito
5.15,14.46,8.48,12.62,4.58,1.73,1.28,1.63,hito
5.11,14.25,8.46,12.59,4.66,1.75,1.34,1.61,hito
4.81,14.58,8.28,12.64,4.77,1.69,1.34,1.55,hito
4.83,14.82,8.14,11.28,4.76,1.7,1.34,1.6,hito
4.85,15.15,8.12,11.65,4.79,1.7,1.4,1.72,hito
4.93,15.03,8.12,11.65,3.97,1.75,1.41,1.76,hito
4.75,14.14,8.53,12.68,4.54,1.8,1.57,1.63,hito
4.62,14.14,8.62,12.59,4.54,1.79,1.57,1.67,hito
4.73,14.23,8.6,13.71,4.65,1.72,1.52,1.66,hito
4.59,14.24,8.53,13.71,4.65,1.72,1.47,1.61,hito
4.58,14.03,8.41,13.82,4.65,1.83,1.47,1.6,hito
4.75,14.73,8.73,13.35,4.29,1.76,1.47,1.58,hito
4.75,14.56,8.69,13.34,4.27,1.88,1.53,1.64,hito
4.67,14.48,8.6,13.5,4.3,1.88,1.58,1.6,hito
4.68,14.48,7.62,13.57,4.28,1.9,1.58,1.45,hito
4.76,14.5,6.02,15.04,4.28,1.88,1.53,1.4,hito
4.78,14.42,6.12,14.63,4.23,1.72,1.66,1.34,hito
4.78,13.7,6.4,15.42,4.09,1.72,1.66,1.48,hito
4.43,13.12,6.26,15.41,3.99,1.73,1.79,1.47,hito
3.5,9.75,6.3,15.37,3.7,1.8,1.79,1.6,hito
3.51,10.3,8.65,15.36,3.53,1.8,1.73,1.55,hito
3.65,14.95,8.62,16.35,3.42,1.84,1.73,1.79,hito
3.62,14.45,8.65,16.28,3.5,1.86,1.79,1.8,hito
3.58,14.54,8.74,16.46,3.56,1.84,1.77,1.75,hito
3.8,14.54,8.73,16.25,3.56,1.84,1.72,1.63,hito
3.86,14.99,8.69,16.6,3.67,1.84,1.92,1.63,hito
3.85,15.3,8.56,15.41,2.76,1.8,1.8,1.69,hito
4.01,15.51,11.58,15.36,2.77,1.86,1.84,1.64,hito
3.87,15.76,11.59,14.2,2.77,1.82,1.95,1.77,hito
3.97,15.78,11.63,15.14,2.77,1.77,1.95,1.76,hito
3.98,15.81,11.45,16.12,3.41,1.66,1.95,1.76,hito
3.77,15.15,11.45,16.34,3.32,1.61,2.06,1.76,hito
3.77,15.16,11.52,16.35,3.33,1.48,2.02,1.72,hito
3.79,15.16,11.55,16.24,3.33,1.53,1.99,1.72,hito
3.85,15.16,11.68,16.11,3.33,1.53,2,1.73,hito
3.74,15.17,11.73,14.66,3.33,1.6,1.99,1.72,hito
3.72,15.4,11.71,14.44,3.51,1.55,1.92,1.7,hito
6.39,22.94,11.53,13.35,3.67,1.73,1.96,1.63,hito
6.64,23.14,11.61,13.35,3.69,1.84,1.9,1.86,hito
6.49,22.61,11.76,13.3,3.73,1.73,1.77,1.79,hito
6.48,22.52,10.74,14.1,3.89,1.69,1.77,1.79,hito
6.36,19.96,11.01,12.84,3.99,1.63,1.72,1.55,hito
6.5,20.01,11,12.99,3.99,1.63,1.67,1.6,hito
6.55,19.86,11.24,12.66,3.96,1.63,1.8,1.61,hito
6.41,19.6,11.24,12.59,3.92,1.63,1.8,1.66,hito
6.33,19.23,11.27,12.17,3.82,1.58,1.57,1.6,hito
6.34,19.11,11.27,11.92,3.9,1.58,1.58,1.6,hito
6.44,18.92,7.9,13.46,3.95,1.53,1.53,1.64,hito
6.42,18.71,7.86,13.28,3.81,1.58,1.4,1.57,hito
6.42,18.68,7.86,14.45,4.62,1.63,1.38,1.7,hito
6.42,18.76,8.06,13.23,4.16,1.75,1.43,1.72,hito
6.47,18.88,7.6,13.5,4.14,1.86,1.34,1.73,hito
6.6,18.87,7.81,14.35,4.23,1.96,1.34,1.72,hito
6.82,19.5,8.37,14.22,4.18,1.91,1.4,1.76,hito
6.79,19.5,7.92,14.24,4.22,1.95,1.4,1.76,hito
6.8,19.49,7.87,14.15,4.2,2.01,1.47,1.88,hito
7.23,20.16,7.84,13.58,4.1,2.05,1.41,2.31,hito
4.89,10.86,7.88,13.41,4.04,1.9,1.34,2.27,hito
4.55,10.59,7.92,13.67,4.02,1.83,1.28,2.09,hito
4.76,10.6,10.64,13.68,4.12,1.82,1.3,2.05,hito
4.95,10.37,9.89,14.7,4.66,1.92,1.32,2.04,hito
5.17,9.82,9.74,14.95,4.58,1.92,1.34,2.09,hito
5.31,9.87,9.85,15.05,4.47,1.92,1.34,2.04,hito
5.31,9.69,9.85,15.02,4.47,1.94,1.18,2.04,hito
5.31,9.69,9.85,15.73,4.59,1.94,1.18,2,hito
5.51,9.67,9.83,15.66,4.59,1.97,1.26,2,hito
5.54,9.58,10.97,16.91,4.55,1.97,1.32,1.96,hito
5.68,9.74,11.05,15.72,5.24,2.81,1.72,2.11,hito
6.19,9.8,11.05,15.73,5.24,2.85,1.92,2.07,hito
6.23,10.14,11.12,13.67,4.52,2.83,1.97,2.01,hito
6.3,9.93,11.06,13.71,4.54,2.75,1.94,2.01,hito
6.27,9.99,11.07,13.36,4.56,2.66,1.9,2.01,hito
6.45,10.11,11.42,13.28,4.47,2.58,1.9,2.01,hito
6.2,8.91,11.55,13.46,4.49,2.59,1.86,1.97,hito
6.2,9.12,11.63,13.49,4.47,2.56,1.86,2.16,hito
6.25,9.69,11.75,13.49,4.44,2.47,1.82,2.1,hito
5.78,10.11,12.27,13.92,4.44,2.52,1.82,1.67,hito
5.75,10.46,12.34,13.9,4.4,2.64,1.83,1.69,hito
5.79,10.46,12.26,13.63,4.41,2.61,1.94,1.69,hito
5.79,10.89,9.85,13.64,4.29,2.76,2.04,1.9,hito
5.7,10.8,9.81,12.09,3.54,2.71,2.07,1.95,hito
5.64,11.08,10.07,12.14,3.65,2.75,2.06,1.9,hito
5.64,13.88,12.13,11.85,3.54,2.74,2.16,1.95,hito
5.61,14.05,11.86,13.19,4.16,2.74,2.14,1.94,hito
5.72,14.71,11.87,13.45,4.01,2.81,2.16,1.94,hito
5.66,14.73,11.98,13.97,4.16,2.81,2.12,1.95,hito
5.63,14.83,11.1,12.38,4.1,2.84,2.12,1.95,hito
5.48,14.78,11.16,12.42,3.11,2.01,1.86,1.73,hito
4.9,14.6,11.18,12.69,3.08,1.95,1.63,1.72,hito
4.8,14.37,11.11,12.74,3.06,1.94,1.57,1.67,hito
5.22,14.45,11.35,12.69,3.03,1.99,1.61,1.67,hito
5.83,14.96,11.82,12.88,3.01,2,1.61,1.66,hito
6.3,15.11,11.69,11.99,3.03,2.01,1.61,1.72,hito
6.44,15.15,11.27,11.75,3.07,2.05,1.6,1.72,hito
6.44,15.05,11.2,12.22,3.24,2.04,1.64,1.48,hito
6.38,14.67,11.06,12.25,3.51,2.05,1.69,1.43,hito
6.49,14.13,10.87,12.06,3.62,1.94,1.69,1.38,hito
7.52,13.89,10.79,13.09,3.56,1.72,1.8,1.76,hito
7.46,14.2,11.05,13.09,3.67,1.72,1.69,1.82,hito
7.31,14.36,11.63,13.15,3.67,1.48,1.55,1.64,hito
7.27,14.46,11.84,12.76,3.65,1.41,1.5,1.64,hito
7.16,14.29,11.51,12.76,3.6,1.36,1.52,1.66,hito
6.96,11.87,9.36,12.82,3.66,1.36,1.38,1.61,hito
6.96,11.66,9.59,12.44,3.41,1.36,1.45,1.67,hito
6.93,10.88,9.58,11.23,3.41,1.2,1.45,1.67,hito
6.98,11.51,11.06,13.09,3.69,1.14,1.5,1.72,hito
7.01,11.26,10.69,13.08,3.69,1.07,1.5,1.76,hito
6.96,11.26,10.58,13.05,3.69,1.05,1.45,1.77,hito
6.96,11.37,10.67,12.78,3.69,0.97,1.45,1.77,hito
6.99,11.36,10.87,12.78,3.75,1.07,1.47,1.82,hito
6.63,11.27,10.68,13.4,3.97,0.97,1.47,2.01,hito
8.4,11.36,10.21,13.64,3.97,1.05,1.47,2.06,hito
7.91,11.36,9.78,14.42,3.96,1.05,1.45,2.12,hito
7.8,11.27,9.65,14.53,3.96,0.97,1.45,2.16,hito
7.85,11.35,9.71,14.37,3.82,1.07,1.38,2.14,hito
8.1,12.12,10.12,14.43,3.58,1.05,1.47,2.14,hito
8.07,11.2,9.79,14.15,3.43,1.14,1.45,2.14,hito
7.13,11.2,9.75,13.26,3.49,1.16,1.28,1.83,hito
7.1,10.61,9.53,13.26,3.38,1.22,1.34,1.79,hito
7.14,10.46,8.81,13.21,3.46,1.38,1.36,1.73,hito
7.16,11.62,8.54,13.58,3.71,1.38,1.41,1.69,hito
7.56,11.58,11.1,13.28,3.67,1.63,1.47,1.8,hito
7.53,15.23,11.6,13.68,3.64,1.69,1.52,2,hito
7.83,15.5,11.39,13.05,3.2,1.9,1.97,2,hito
7.89,15.69,11.41,13.07,3.2,1.9,2.07,2.1,hito
8.05,15.27,9.97,10.59,2.74,1.94,2.13,2.24,hito
8.03,15.26,10.07,10.61,2.74,1.94,2.13,2.2,hito
7.92,15.33,10.03,10.59,2.81,1.99,2.12,2.24,hito
8.88,15.25,9.91,11.04,2.95,1.99,2.12,2.25,hito
9.59,15.95,9.82,11.04,3.08,2.49,2.63,2.47,hito
9.62,15.94,9.68,10.68,2.81,2.5,2.59,2.35,hito
7.67,15.32,9.66,9.89,3.32,2.46,2.58,2.3,hito
7.55,15.19,9.63,8.89,3.5,2.49,2.59,2.2,hito
8,15.34,9.72,9.59,3.61,2.57,2.63,2.2,hito
8,15.28,9.96,9.11,3.65,2.53,2.64,2.21,hito
7.76,14.68,9.84,9.07,3.65,2.53,2.56,2.21,hito
7.68,14.54,9.75,9.5,3.63,2.49,2.57,2.25,hito
7.67,14.57,9.75,10.06,3.58,2.48,2.58,2.25,hito
7.99,14.65,9.91,10.05,3.63,2.45,2.55,2.25,hito
7.94,14.4,10.21,10.23,3.53,2.4,2.55,2.26,hito
7.91,13.63,10.21,9.83,3.29,2.44,2.55,2.42,hito
7.52,13.62,7.41,9.98,3.26,2.31,2.55,2.32,hito
7.52,9.07,6.5,9.45,3.24,2.31,2.52,2.14,hito
7.4,9.49,6.54,10.42,3.24,2.14,2.18,2.11,hito
7.33,9.8,6.54,10.62,3.23,2.18,2.07,2.01,hito
7.04,10.04,6.54,10.9,3.19,2.14,1.96,1.82,hito
7.12,10.03,6.37,10.9,3.22,2.18,1.92,1.82,hito
7.61,10.39,7.78,10.95,3.18,2.13,1.94,1.82,hito
6.48,10.36,7.86,10.72,3.12,2.17,1.94,1.86,hito
5.32,9.36,7.97,10.66,3.05,1.64,1.32,1.5,hito
5.5,11.02,8.15,11.1,3.05,1.63,1.32,1.58,hito
5.56,10.81,9.14,11.66,2.81,1.69,1.34,1.72,hito
5.84,10.7,9.23,13.34,2.81,1.69,1.48,1.84,hito
5.23,10.7,9.23,13.27,2.66,1.69,1.43,1.84,hito
5.16,10.7,8.94,14.84,2.73,1.7,1.43,1.83,hito
5.14,10.81,9.01,14.76,2.76,1.72,1.48,1.83,hito
5.18,11.1,9.1,14.47,2.76,1.73,1.47,1.83,hito
5.18,11.08,9.13,14.27,2.76,1.95,1.47,1.84,hito
6.02,11.08,8.86,14.34,2.76,1.94,1.52,1.95,hito
6.02,10.93,8.47,14.59,2.75,2,1.57,1.94,hito
6.6,10.65,8.49,15.22,2.85,1.95,1.64,1.77,hito
6.6,10.68,8.45,15.22,2.89,1.95,1.58,1.79,hito
6.73,10.43,8.36,15.16,2.92,1.91,1.57,1.79,hito
6.49,9.64,8.34,14.29,2.96,1.9,1.5,1.99,hito
6.44,8.91,8.32,14.12,2.97,1.9,1.64,1.97,hito
6.41,8.57,8.63,13.93,2.97,1.88,1.66,1.97,hito
6.32,8.58,11.49,13.93,2.94,1.83,1.66,2.01,hito
5.73,9.55,10.78,13.89,2.98,1.84,1.64,2.01,hito
5.73,9.6,10.72,13.76,2.92,1.8,1.66,1.97,hito
5.81,9.85,10.52,13.75,2.77,1.69,1.53,1.97,hito
5.88,7.96,10.37,13.56,2.77,1.91,1.77,2.17,hito
5.81,7.93,9.47,13.26,2.67,1.86,1.76,2.11,hito
5.69,7.91,9.55,11.66,2.43,1.92,1.64,2.11,hito
5.67,8.05,9.43,11.04,2.43,1.86,1.76,2.07,hito
5.67,8.53,11.94,8.78,2.63,2.05,1.75,2.18,hito
5.69,8.43,11.65,9.06,2.74,2.09,1.69,2.17,hito
5.69,8.07,11.61,8.99,2.74,2.07,1.75,2.3,hito
5.79,8.1,11.6,9.22,2.95,1.99,1.75,2.39,hito
4.72,9.35,12.34,9.64,3.17,2.04,1.7,2.39,hito
4.72,9.31,12.4,9.04,3.18,1.94,1.66,2.43,hito
4.04,9.34,12.58,7.76,3.06,1.99,1.53,2.4,hito
4.04,9.31,12.66,7.71,3.06,2.05,1.67,2.48,hito
3.97,9.88,15.36,8.45,3.22,2.05,1.69,2.49,hito
4.27,10.02,15.35,8.41,3.35,2.1,1.7,2.33,hito
4.25,9.98,15.58,8.41,3.35,2.05,1.57,2.35,hito
4.2,10.27,15.34,9.25,3.38,2.05,1.61,2.35,hito
4.56,10.27,13.37,9.23,3.38,2.05,1.6,2.31,hito
4.56,8.78,13.25,10.24,3.44,2.05,1.61,2.27,hito
4.56,8.71,13.44,10.19,3.68,2.22,1.73,2.27,hito
5.24,8.39,13.48,10.58,3.71,2.39,1.84,2.43,hito
4.94,11.17,15.47,12.67,4.09,2.22,1.63,2.17,hito
4.94,11.18,15.52,12.67,3.94,2.27,1.64,2.12,hito
4.76,12.19,15.55,12.91,3.95,2.18,1.64,2.02,hito
4.92,12.19,15.56,13.44,3.89,2.13,1.52,2.01,hito
5,12.01,13.73,14.09,3.76,2.05,1.76,1.95,hito
4.98,11.98,13.93,14.83,3.71,2.01,1.77,1.96,hito
7.29,11.94,14.3,16.67,3.94,2.3,1.94,2.35,hito
7.33,11.91,14.36,16.38,3.78,2.2,1.92,2.25,hito
7.19,11.29,14.98,17.34,3.65,2.17,1.96,2.25,hito
7.19,11.34,14.95,17.37,3.64,2.17,1.95,2.2,hito
7.12,11.26,15.38,17.37,3.66,2.3,1.94,2.19,hito
8.53,11.34,15.33,17.71,3.64,2.21,1.87,2.13,hito
8.46,10.77,12.85,17.4,3.8,2.2,1.91,2.12,hito
8.33,10.9,12.9,17.43,3.64,2.26,1.95,2.21,hito
8.4,11.47,12.81,17.55,3.74,2.27,1.96,2.25,hito
8.45,11.57,12.77,17.03,3.69,2.31,1.92,2.25,hito
8.3,11.59,12.87,17.02,3.69,2.31,1.92,2.25,hito
8.31,11.6,13.53,17.35,3.61,2.35,1.96,2.29,hito
8.33,11.62,13.36,18.45,3.46,2.21,1.86,2.32,hito
8.12,11.54,13.34,18.26,3.46,2.04,1.79,2.25,hito
8.18,8.89,10.98,16.5,3,2.04,1.83,2.28,hito
8.18,9.27,10.9,16.41,3.02,2.04,1.83,2.28,hito
8.19,7.94,10.75,16.07,3.15,2.07,1.83,2.31,hito
8.16,8.6,11.32,15.78,3.18,2.07,1.83,2.32,hito
8.12,8.36,11.34,15.27,3.05,2.01,1.6,2.32,hito
8.12,8.6,11.22,14.44,3.11,2.11,1.6,2.32,hito
6.2,8.58,10.76,12.79,2.81,1.79,1.34,1.73,hito
6.07,8.61,10.79,13.56,2.81,1.8,1.41,1.75,hito
5.98,8.17,8.95,12.16,2.7,1.79,1.34,1.63,hito
6.05,8.1,9,12.14,2.71,1.83,1.41,1.64,hito
6.03,8.12,8.19,12.47,2.71,1.6,1.48,1.64,hito
3.79,8.26,8.11,11.88,2.85,1.72,1.57,1.72,hito
4.17,8.74,7.74,11.88,2.85,1.73,1.57,1.73,hito
4.15,8.44,7.74,11.93,2.87,1.61,1.52,1.66,hito
4.09,7.72,7.41,11.93,2.81,1.61,1.52,1.6,hito
4.02,7.18,7.41,12.06,2.81,1.61,1.52,1.6,hito
3.97,7.16,7.15,12.16,2.81,1.63,1.52,1.82,hito
4.01,7.44,6.55,15.39,4.35,1.57,1.47,1.82,hito
5.48,15.92,12.94,14.23,4.92,1.75,1.6,1.82,hito
5.05,16.22,12.94,15.07,4.98,1.75,1.6,1.75,hito
5,16.27,12.99,15.18,4.96,1.75,1.53,1.7,hito
5.02,16.44,13.11,15.14,4.94,1.75,1.58,1.7,hito
5.01,16.56,13.32,15.5,5.04,1.7,1.57,1.64,hito
4.93,16.23,13.26,15.41,5.02,1.72,1.57,1.69,hito
4.99,16.57,13.36,15.34,5.1,1.72,1.57,1.64,hito
5.16,16.52,13.24,15.34,5.2,1.82,1.69,1.69,hito
5.04,16.81,13.26,14.92,5.2,1.94,1.67,1.73,hito
5.02,16.79,13.17,14.2,5.32,1.92,1.67,1.77,hito
5.02,16.93,13.2,13.98,5.34,1.92,1.67,1.82,hito
4.95,16.92,13.25,15.39,5.41,1.88,1.61,1.82,hito
6.52,16.94,13.1,15.52,5.69,1.83,1.95,1.8,naka
6.82,16.71,13.11,15.52,5.47,1.87,2.1,1.8,naka
7.41,16.69,13.07,15.54,5.5,1.87,2.27,1.96,naka
7.91,16.66,13.13,16.63,5.81,2.06,2.52,2.07,naka
8.49,16.65,13.2,16.69,5.85,2.01,2.52,2.06,naka
8.88,16.64,13.26,16.73,5.86,2.11,2.76,1.86,naka
9.19,16.55,13.16,14.11,4.83,2.16,2.75,2.7,naka
8.61,8.69,6.96,14.11,4.21,2.01,2.89,2.67,naka
8.81,8.13,7.29,13.15,4.14,2.01,2.99,2.86,naka
8.87,8.02,7.17,13.07,4.14,2.01,3.19,3.15,naka
8.9,7.19,6.95,13.05,4.23,1.97,3.29,3.16,naka
8.91,6.84,6.42,12.64,4.02,1.96,3.29,3.35,naka
10.05,6.3,5.55,12.93,4.02,2.25,3.97,3.77,naka
11.06,5.34,5.47,12.99,3.94,2.25,4.12,3.79,naka
11.69,5.1,5.49,13.53,3.77,2.07,4.12,3.83,naka
12.16,4.09,5.34,13.53,3.77,1.97,4.13,3.83,naka
12.67,4.09,5.41,13.76,3.71,2.09,4.13,3.81,naka
13.1,3.11,5.56,13.87,3.71,2.1,4.28,3.89,naka
13.29,3.11,5.81,13.48,4.13,2.13,4.37,3.89,naka
13.49,2.35,5.79,13.06,3.71,2.13,4.42,3.87,naka
12.97,2.3,5.81,13.08,3.71,2.13,4.23,3.87,naka
12.79,2.13,5.77,13.04,3.81,2.1,4.23,3.89,naka
12.46,2.13,5.77,12.92,3.85,2.09,4.16,3.79,naka
12.37,2.37,5.61,11.48,5.2,1.9,4.01,3.75,naka
12.31,3.92,5.45,11.37,5.17,1.91,4.03,3.81,naka
12.09,3.92,5.3,11.57,5.27,1.8,3.9,3.82,naka
11.84,3.71,4.76,10.03,5.33,1.87,3.91,3.26,naka
11.67,3.77,4.79,10.41,5.4,1.83,3.74,3.51,naka
11.49,3.73,4.11,10.5,5.43,1.82,3.63,3.4,naka
11.41,3.73,4.14,10.5,5.43,1.82,3.46,3.13,naka
11.38,3.73,4.13,10.49,5.36,1.8,3.41,3.15,naka
11.38,3.79,4.25,10.47,5.37,1.86,3.42,3.02,naka
10.37,3.83,4.17,10,5.49,1.55,2.6,2.53,naka
9.31,4.14,6.92,11.97,5.54,1.63,2.44,2.73,naka
8.41,4.35,6.94,11.28,5.5,1.84,2.36,2.65,naka
7.72,4.3,6.93,12.22,5.61,1.95,2.36,2.69,naka
6.84,4.32,6.87,12.32,5.65,1.83,2.32,2.69,naka
5.98,4.35,6.93,12.22,5.62,1.83,2.14,2.69,naka
5.59,4.37,6.49,10.98,5.26,1.83,1.96,2.68,naka
4.9,4.33,6.57,11.02,5.19,1.94,1.86,2.68,naka
4.65,4.34,6.59,11.02,5.23,1.88,1.82,2.66,naka
4.47,4.42,6.62,11.02,5.33,1.99,1.58,2.66,naka
4.5,4.44,8.38,11.07,5.25,1.99,1.52,2.66,naka
3.77,4.32,8.41,10.9,3.49,2.02,1.52,2.94,naka
2.57,2.98,8.41,10.97,3.58,2.02,1.6,3.07,naka
2.2,3.06,8.41,10.7,3.41,2.01,1.55,3.07,naka
2.21,3.03,8.3,10.7,3.29,1.91,1.67,3.07,naka
2.3,3.03,8.29,10.09,3.1,1.91,1.73,2.77,naka
2.35,3.01,8.48,10.06,3.06,1.91,1.79,2.72,naka
2.38,3.07,8.49,10.09,3.06,1.91,1.77,2.72,naka
2.38,3.05,8.6,10.34,3.08,1.96,1.66,2.77,naka
2.43,2.97,8.63,10.32,3.08,1.92,1.7,2.69,naka
2.46,2.97,9.82,10.32,2.91,1.87,1.7,2.62,naka
2.46,2.62,8.36,8.05,2.8,1.75,1.57,2.46,naka
2.43,2.42,8.35,8.09,2.87,1.57,1.69,2.47,naka
2.43,2.42,8.35,6.6,2.66,1.43,1.8,2.39,naka
2.46,2.42,8.76,5.92,2.41,1.5,1.8,2.42,naka
2.43,2.37,8.81,5.87,2.4,1.5,1.67,2.25,naka
2.35,2.33,9.03,6.36,2.61,1.43,1.67,2.25,naka
2.33,2.24,9,6.76,2.61,1.28,1.67,2.24,naka
2.68,2.24,9.11,10.08,2.85,1.36,1.66,2.6,naka
2.77,2.06,9.09,10.34,2.53,1.2,1.79,2.57,naka
2.77,2.06,8.04,10.28,2.57,1.22,1.79,2.56,naka
2.84,2.06,8.52,11.28,2.76,1.16,1.77,2.19,naka
2.7,2.06,8.66,11.32,2.62,1.16,1.7,2,naka
2.84,2,8.99,11.91,3.29,1.34,1.7,1.99,naka
2.84,2,9.13,11.69,3.32,1.4,1.58,2.1,naka
2.9,1.9,9.12,11.79,3.35,1.4,1.52,2.37,naka
2.87,1.94,8.96,12.27,3.58,1.55,1.45,2.32,naka
2.84,1.83,8.93,12.59,3.58,1.53,1.6,2.31,naka
2.84,1.82,8.84,13.59,3.56,1.48,1.82,2.59,naka
2.84,1.83,8.75,13.65,3.7,1.48,1.77,2.59,naka
2.81,1.7,7.55,14.43,3.91,1.48,1.76,2.59,naka
2.81,1.58,7.09,14.71,3.91,1.5,1.82,2.66,naka
2.94,1.32,7.08,14.69,3.86,1.45,1.75,2.66,naka
2.94,1.3,7.2,14.71,3.86,1.5,1.67,2.65,naka
3.11,1.4,6.98,15.04,3.86,1.45,1.79,3.74,naka
3.23,1.4,6.87,15.05,4.09,1.45,1.8,3.74,naka
3.29,1.38,6.57,15.01,3.94,1.47,1.8,3.8,naka
3.32,1.38,6.51,14.83,3.94,1.6,1.84,3.8,naka
3.07,1.52,6.46,12.86,3.71,1.67,1.84,3.58,naka
2.87,1.52,6.49,13.18,3.73,1.67,1.73,3.58,naka
2.93,1.52,6.4,13.2,3.71,1.72,1.73,3.83,naka
3.15,1.47,5.7,12.35,3.49,1.76,1.79,3.92,naka
3.34,1.6,5.77,12.16,3.65,1.87,1.86,3.89,naka
3.25,1.55,5.33,11.69,3.08,1.8,1.9,3.95,naka
3.36,1.53,5.18,12.57,3.12,1.75,1.9,3.95,naka
3.27,1.58,5.22,12.67,3.12,1.73,1.91,3.79,naka
3.27,1.52,5.24,12.28,4.05,2.09,1.96,3.79,naka
3.34,1.52,5.61,11.98,4.14,2.37,1.9,3.9,naka
3.33,1.53,5.59,10.71,4.28,2.37,1.69,3.72,naka
3.62,1.53,6.01,11.08,4.16,2.4,1.69,3.71,naka
3.62,1.55,5.81,10.15,3.94,2.41,1.7,3.73,naka
3.44,1.53,5.87,9.59,3.91,2.44,2.27,4.79,naka
3.33,1.58,6.2,9.65,3.91,2.44,2.24,4.81,naka
3.44,1.64,6.16,9.7,3.92,2.4,2.19,4.81,naka
3.38,1.52,6.03,10.92,4.08,2.4,2.09,4,naka
3.26,1.45,5.89,11.18,3.96,2.4,2.12,4.1,naka
3.26,1.47,5.92,11.29,3.96,2.43,2.21,4.07,naka
3.5,1.48,5.96,11.63,4.34,2.43,2.21,4.07,naka
3.47,1.34,5.84,11.57,4.42,2.35,2.22,4.07,naka
3.53,1.6,5.82,11.11,4.4,2.35,2.26,4.07,naka
3.44,1.6,5.19,11.27,4.49,2.31,2.27,3.85,naka
3.36,1.6,5.41,12.77,4.52,2.27,2.32,3.85,naka
3.18,1.45,5.77,13.04,4.43,2.18,2.4,3.98,naka
3.15,1.43,5.67,13.08,4.41,2.18,2.37,3.93,naka
3.15,1.45,5.63,12.5,4.38,2.18,2.37,3.88,naka
3.32,1.38,5.6,12.39,4.38,2.22,2.37,3.88,naka
3.34,1.45,5.58,12.31,3.4,1.79,2.33,3.97,naka
3.54,1.5,5.22,12.22,3.4,1.47,2.39,4.1,naka
3.56,1.5,5.87,12.7,3.24,1.52,2.47,4.07,naka
3.23,1.63,5.78,12.6,3.4,1.52,2.46,4.07,naka
3.35,1.61,5.82,12.63,3.43,1.57,2.46,4.15,naka
3.41,1.63,5.78,12.9,3.49,1.57,1.9,2.76,naka
3.47,1.57,5.58,12.85,3.52,1.55,1.9,2.94,naka
3.42,1.57,5.49,13.22,3.5,1.57,1.91,2.94,naka
3.33,1.57,5.9,12.06,3.44,1.61,1.96,2.93,naka
3.44,1.58,5.9,14.54,5.57,1.95,1.96,2.8,naka
3.38,1.58,5.87,14.27,5.6,2.01,1.84,2.85,naka
3.29,1.57,5.94,14.01,5.43,1.9,1.84,3.05,naka
3.32,1.55,6.23,14.35,5.37,1.9,1.95,3.05,naka
3.26,1.28,6.22,14.21,5.39,2,1.91,3.25,naka
3.26,1.22,6.22,14.08,5.35,2.1,1.95,3.25,naka
3.07,1.28,6.68,12.95,5.39,2.11,1.88,3.12,naka
3.07,1.3,6.32,13.23,5.42,2.11,1.67,2.99,naka
3.09,1.3,6.38,13.07,5.58,2.06,1.79,3.06,naka
2.99,1.3,6.48,12.8,5.6,2.07,1.79,3.05,naka
2.99,1.32,6.51,12.71,5.59,2.07,1.77,3.05,naka
2.96,1.26,6.59,12.68,5.52,2.07,1.77,2.92,naka
2.72,1.26,6.95,12.68,5.45,2.02,1.66,2.61,naka
2.72,1.32,7.04,12.34,5.45,1.99,1.58,2.58,naka
2.77,1.14,6.8,12.05,5.34,2.05,1.58,2.58,naka
2.63,1.22,6.86,12.38,5.69,2,1.63,2.42,naka
2.69,1.22,6.8,12.21,5.69,1.95,1.69,2.47,naka
2.65,1.24,7.19,13.16,5.71,1.96,1.69,2.2,naka
2.65,1.34,7.3,13.01,5.81,1.96,1.69,2.2,naka
2.65,1.4,6.82,12.74,5.81,1.91,1.63,2.2,naka
2.73,1.4,6.77,9.58,3.74,1.69,1.7,2.2,naka
2.74,1.45,6.78,9.53,3.85,1.57,1.7,2.11,naka
2.74,1.47,6.75,9.56,3.69,1.57,1.66,1.8,naka
2.74,1.48,6.47,9,3.69,1.55,1.53,1.8,naka
2.87,1.53,6.57,9.13,3.66,1.41,1.53,1.41,naka
2.84,1.53,6.55,9.17,3.6,1.26,1.48,1.47,naka
2.83,1.61,5.98,8.94,3.49,1.26,1.43,1.47,naka
2.86,1.61,5.79,8.24,3.38,1.26,1.43,1.32,naka
2.86,1.67,5.99,8.28,3.17,1.26,1.34,1.14,naka
2.84,1.67,5.84,8.27,3.11,1.26,1.4,1.14,naka
2.69,1.66,5.95,8.36,3.11,1.26,1.47,1.16,naka
2.73,1.66,5.87,8.48,3.22,1.24,1.45,1.16,naka
2.73,1.73,5.71,8.53,3.22,1.32,1.45,1.16,naka
2.77,1.73,5.4,8.22,3.19,1.38,1.4,1.16,naka
2.77,1.73,5.34,8.26,3.19,1.28,1.47,1.32,naka
2.77,1.69,5.27,7.58,2.57,1.36,1.41,2.05,naka
2.63,1.69,6.12,10.75,2.57,1.52,1.34,1.99,naka
2.67,1.69,5.62,9.65,2.57,1.52,1.32,2,naka
2.67,1.57,5.67,9.31,2.36,1.57,1.47,2,naka
2.64,1.5,5.67,9.89,2.45,1.7,1.48,2.01,naka
2.48,1.55,6.02,10.77,2.66,1.57,1.34,2,naka
2.51,1.5,6.07,11.12,2.42,1.57,1.36,1.99,naka
2.51,1.5,6.26,11.06,2.57,1.57,1.34,2.02,naka
2.56,1.5,6.26,11.73,2.97,1.58,1.4,2.27,naka
2.56,1.58,6.41,11.73,2.98,1.58,1.38,2.28,naka
2.6,1.58,9.44,12.67,3.06,1.63,1.63,2.28,naka
2.61,1.45,9.38,12.76,3.12,1.63,1.75,2.32,naka
2.58,1.5,9.38,12.72,3.13,1.67,1.86,2.41,naka
2.63,1.43,9.23,12.72,3.09,1.8,1.8,2.45,naka
2.7,1.43,9.3,12.72,3.28,1.8,1.76,2.46,naka
2.77,1.43,9.21,12.93,3.96,1.96,2.17,2.54,naka
2.77,1.57,10.04,12.83,3.87,1.96,2.17,2.54,naka
2.83,1.41,9.89,13.04,3.89,1.91,2.16,2.62,naka
2.83,1.34,9.63,13.01,3.91,1.87,2.16,2.62,naka
2.83,1.5,10.05,13.25,4.06,1.83,2.11,2.57,naka
2.84,1.5,10.04,13.46,4.22,1.79,2.11,2.09,naka
2.84,1.5,9.7,11.06,4.2,1.67,2.11,2.05,naka
2.76,1.5,9.66,11.13,4.14,1.72,2.16,2.09,naka
2.68,1.48,9.58,11.36,4.17,1.67,2.06,2.18,naka
2.72,1.55,9.68,12.01,4.02,1.55,2.1,2.18,naka
2.67,1.5,9.51,11.18,3.89,1.57,2.09,2.18,naka
2.72,1.73,10.67,11.24,3.88,1.57,2.09,2.22,naka
2.52,1.73,10.56,11.28,3.83,1.8,2.13,2.36,naka
2.47,1.73,10.54,10.82,3.53,1.84,2.13,2.12,naka
2.31,1.61,10.42,10.89,3.52,1.88,2.14,2.12,naka
2.27,1.61,7.83,10.08,3.52,1.88,2,2.18,naka
2.36,1.61,7.94,10.08,3.46,1.99,2.09,2.24,naka
2.36,1.55,8.04,10.02,3.57,1.94,1.97,2.18,naka
2.36,1.61,8.38,9.92,3.57,1.87,2.02,2.14,naka
2.43,1.61,8.31,10.12,3.46,1.91,2.02,2.24,naka
2.3,1.63,8.33,9.76,2.86,1.82,1.58,2.18,naka
2.26,1.5,7.32,9.76,2.85,1.82,1.6,2.21,naka
3.22,1.64,7.35,9.54,2.82,1.87,1.66,3.24,naka
3.27,1.7,7.43,9.85,2.79,1.86,1.66,3.3,naka
3.27,1.58,7.27,9.69,2.6,1.9,1.72,3.28,naka
3.27,1.57,7.29,9.44,2.49,1.9,1.72,3.26,naka
3.27,1.55,7.15,9.38,2.46,1.88,1.72,3.26,naka
3.3,1.53,7.21,9.23,2.46,1.88,1.67,3.23,naka
3.29,1.6,7.64,8.96,2.38,1.88,1.67,3.17,naka
3.26,1.67,11.83,8.17,2.42,1.88,1.67,3.23,naka
3.26,1.66,11.8,9.86,2.54,1.88,1.73,3.23,naka
3.19,1.47,11.05,9.37,2.55,1.88,1.73,3.21,naka
3.17,1.45,11.03,9.37,2.5,1.67,1.73,3.09,naka
3.15,1.45,11.06,9.09,2.47,1.63,1.67,3.07,naka
3.17,1.43,11.08,9.26,2.51,1.57,1.66,3.19,naka
3.17,1.48,11.1,8.86,2.46,1.52,1.61,3.15,naka
3.1,1.48,11.02,8.68,2.49,1.36,1.36,3.08,naka
3.12,1.55,10.94,8.72,2.33,1.38,1.38,3.08,naka
3.06,1.48,10.78,8.88,2.33,1.47,1.38,3.11,naka
2.92,1.48,10.8,9.63,2.28,1.55,1.43,3.07,naka
2.9,1.48,10.96,9.64,2,1.4,1.38,3.04,naka
2.97,1.47,10.94,10.93,2.29,1.41,1.38,3.14,naka
1.69,1.3,10.92,10.99,2.39,1.36,1.3,1.96,naka
1.5,1.22,11.37,10.8,2.38,1.38,1.28,1.9,naka
1.36,1.22,11.28,10.63,2.33,1.32,1.2,1.9,naka
1.41,1.66,13.47,10.57,2.06,1.3,1.18,1.94,naka
1.41,1.66,13.42,10.52,2.06,1.32,1.18,2.22,naka
1.61,1.79,14.25,10.84,2.35,1.32,1.77,2.99,naka
1.67,1.79,14.08,10.79,2.43,1.32,1.76,3.02,naka
1.67,1.67,11.14,10.3,2.39,1.32,1.83,3.07,naka
1.63,1.69,11.24,9.84,2.26,1.3,1.77,3.08,naka
1.64,1.64,11.03,10.88,3.17,1.36,1.82,3.11,naka
1.76,1.7,11.03,11.01,3.21,1.34,1.82,3.1,naka
1.76,1.75,11,11.03,3.21,1.34,2.02,3.16,naka
2.47,1.8,11.33,10.78,3.3,1.36,2.07,4.05,naka
2.63,1.75,11.27,10.97,3.39,1.41,2.11,4.4,naka
5.77,1.73,11.33,10.93,3.54,1.48,2.11,4.93,naka
5.87,2.14,11.32,10.92,3.96,1.53,2.11,4.93,naka
6.07,2.94,11.22,10.81,4.16,1.45,2.17,5.04,naka
6.21,3.01,11.25,10.24,4.16,1.36,2.22,5.69,naka
6.21,3.03,11.09,10.27,4.21,1.63,2.21,5.69,naka
6.24,3.11,11.23,9.06,4.08,1.63,2.21,5.62,naka
6.38,3.23,11.72,9.22,4.03,1.67,2.26,5.66,naka
6.38,3.24,11.55,9.45,4.04,1.67,2.27,5.64,naka
6.39,3.26,11.43,9.45,4.04,1.79,2.28,5.66,naka
6.57,3.1,8.79,9.76,4.14,1.91,2.29,5.68,naka
6.75,3.13,8.81,10.63,4.22,1.91,2.3,5.68,naka
6.78,3.44,7.36,11.5,4.08,1.87,1.88,5.39,naka
6.78,3.85,7.76,12.11,4.12,1.91,1.94,5.37,naka
7.07,4.24,10.08,12.01,4.15,1.91,1.83,5.33,naka
7.16,4.89,10.08,11.09,4.15,1.91,1.83,5.33,naka
7.21,4.89,11.42,10.06,3.49,1.86,1.77,5.32,naka
7.19,4.89,11.63,11.68,3.61,1.91,1.73,5.39,naka
7.19,4.88,11.65,11.93,3.77,1.91,1.48,5.35,naka
6.96,4.86,11.3,12.07,3.77,1.91,1.41,4.63,naka
6.92,4.88,11.31,11.97,3.67,1.87,1.34,4.32,naka
4.63,4.93,11.31,13.03,3.83,1.87,1.48,4.11,naka
4.49,4.79,12.52,13.11,3.39,1.82,1.48,4.11,naka
4.22,4.44,12.8,13.23,3.15,1.77,1.34,3.98,naka
4,4.59,13.13,13,3.19,1.72,1.24,2.97,naka
4.05,4.59,13.18,13.58,3.19,1.61,1.32,3.1,naka
4.05,4.54,13.09,13.49,3.19,1.66,1.38,3.38,naka
3.83,4.59,12.75,13.35,3.21,1.83,1.32,3.43,naka
3.8,4.59,12.5,13.44,3.23,1.87,1.32,3.49,naka
3.83,4.59,12.52,13.61,3.23,1.8,1.38,3.57,naka
3.56,4.58,12.48,13.57,3.18,1.67,1.43,3.57,naka
3.39,4.56,12.47,12.91,3.18,1.67,1.48,3.42,naka
3.2,4.29,12.45,11.85,3.2,1.72,1.48,3.33,naka
3.18,3.92,12.24,11.49,3.2,1.72,1.48,3.59,naka
2.5,3.49,10.08,11.54,3.17,2.31,1.48,3.53,naka
2.25,2.49,10.05,11.61,3.17,2.67,1.55,3.54,naka
2.07,2.49,8.36,11.63,3.18,2.82,1.69,3.54,naka
2.07,2.46,9.44,9.92,2.97,2.79,1.69,3.45,naka
2.17,2.45,9.61,9.65,2.77,2.92,1.7,3.46,naka
2.21,2.53,9.68,9.56,2.77,2.92,1.7,3.45,naka
2.27,2.58,9.83,9.5,2.77,2.95,1.76,3.39,naka
2.37,2.49,9.79,7.99,2.45,2.92,1.63,2.89,naka
2.41,2.4,8.3,10.92,2.6,2.96,1.63,2.86,naka
2.4,2.27,7.88,10.96,2.79,3.02,1.63,2.86,naka
2.4,2.04,11.16,11.53,3.02,3.1,1.58,2.86,naka
2.4,2,11.1,10.83,2.95,3.03,1.53,2.76,naka
2.22,2,11.06,11.02,3.05,3.01,1.48,2.42,naka
2.22,2,11.83,10.91,3.22,2.88,1.53,2.51,naka
2.4,2,11.96,10.63,3.19,2.85,1.53,2.43,naka
2.3,2.65,11.96,10.48,3.19,2.83,1.48,2.3,naka
2.25,2.64,12.01,10.28,3.11,2.91,1.41,2.3,naka
1.95,2.66,12.01,10.29,3.06,2.93,1.5,2.3,naka
1.96,2.74,12.4,10.89,3.31,2.91,1.5,2.27,naka
1.96,3.12,13.06,11.27,3.38,2.88,1.43,1.84,naka
1.92,3.13,13.01,11.84,3.38,2.42,1.43,1.86,naka
1.92,3.13,12.94,11.87,3.61,2.12,1.43,1.86,naka
1.92,3.15,12.99,11.91,3.71,1.94,1.26,2.05,naka
1.99,3.18,12.03,11.82,3.87,1.94,1.32,2.05,naka
1.92,3.25,11.88,11.79,3.87,1.73,1.3,2.22,naka
1.99,3.18,12.33,11.66,3.77,1.73,1.32,2.24,naka
1.87,3.11,12.22,11.63,3.82,1.69,1.26,2.24,naka
1.75,3.12,12.22,11.94,3.72,1.73,1.28,2.22,naka
2.02,3.71,12.4,10.65,3.85,1.69,1.34,2.22,naka
2.02,3.71,12.58,12.27,4.01,1.55,1.4,2.22,naka
2.02,3.77,9.4,11.76,3.8,1.41,1.38,2.18,naka
1.92,3.79,9.38,11.87,3.81,1.47,1.36,2.14,naka
1.97,3.79,9.42,11.71,3.87,1.6,1.61,2.24,naka
2.07,3.63,8.29,11.73,3.81,2.22,1.57,2.24,naka
1.88,3.65,8.06,11.73,3.81,2.31,1.57,2.24,naka
2.09,3.19,7.96,11.71,3.81,2.3,1.55,2.19,naka
2.09,3.19,8.13,12.42,3.91,2.25,1.79,2.19,naka
2.1,3.19,8.13,12.46,3.91,2.38,1.66,2.19,naka
2.37,3.15,10.68,12.4,3.73,2.38,1.66,2.56,naka
2.4,2.74,9.71,11.81,3.57,2.37,1.66,2.56,naka
2.43,2.74,9.88,11.19,3.58,2.41,1.66,2.59,naka
2.43,2.74,10.22,11.08,3.32,2.36,1.61,2.73,naka
2.43,2.74,10.25,11.22,3.2,2.35,1.63,2.59,naka
2.38,2.71,10.4,11.27,3.01,2.38,1.58,2.56,naka
2.43,2.64,10.53,13.55,4.84,2.72,1.64,2.44,naka
2.59,2.86,9.91,13.56,4.85,2.85,1.63,2.47,naka
2.59,2.85,9.89,13.91,4.88,2.88,1.63,2.46,naka
2.59,2.92,9.87,13.72,4.9,3.06,1.75,2.47,naka
2.43,2.13,9.62,12.63,4.73,3.05,1.69,2.5,naka
2.67,2.13,9.43,10.87,4.56,3.18,1.97,3.48,naka
2.71,1.94,9.3,10.93,4.62,3.24,1.99,3.54,naka
2.71,2.45,9.34,10.79,4.62,3.24,2.04,3.6,naka
2.71,2.69,9.51,11.46,4.57,3.17,1.83,3.56,naka
2.71,2.83,9.51,11.47,4.48,2.84,1.87,3.41,naka
2.71,2.8,9.54,12.13,4.82,3.07,1.91,3.47,naka
2.56,3.01,9.54,12.33,5.14,3.07,1.91,3.47,naka
2.56,3.14,9.34,12.12,5.1,3.05,1.7,3.44,naka
2.7,3.11,9.35,12.29,5.3,2.92,1.83,3.58,naka
2.5,3.21,5.45,11.83,5.42,2.99,1.83,3.33,naka
2.55,3.32,5.43,11.83,5.44,3.07,1.83,3.33,naka
2.66,3.32,5.63,11.82,5.43,3.16,1.94,3.42,naka
2.69,3.32,5.19,11.87,5.45,3.13,1.94,3.3,naka
2.72,3.29,5.09,12.13,5.45,3.13,1.94,3.29,naka
2.83,3.29,4.77,12.08,5.45,3.11,2.04,3.35,naka
2.89,3.29,4.57,9.39,3.91,2.81,2,3.35,naka
2.67,3.16,4.88,9.54,3.9,2.66,2,3.32,naka
2.68,3.16,4.9,9.78,3.9,2.63,2,3.35,naka
2.69,3.1,4.98,9.99,4.03,2.38,1.88,3.41,naka
2.62,3.16,6.91,10.08,4.06,2.47,1.88,3.39,naka
2.41,3.16,6.83,10.29,3.99,2.31,1.76,2.33,naka
2.41,3.81,6.92,10.55,3.89,2.22,1.87,2.5,naka
2.49,3.49,6.88,10.58,3.94,2.19,1.82,2.41,naka
2.54,3.31,6.64,10.34,3.94,2.2,1.82,2.46,naka
2.49,3.19,6.73,12.42,4.33,2.28,1.88,2.58,naka
2.82,3.22,6.76,11.93,4.17,1.86,1.84,2.5,naka
2.85,3.02,6.84,11.75,3.79,1.9,1.86,2.51,naka
2.85,2.88,9.11,11.21,3.73,1.94,1.9,2.51,naka
2.72,2.87,9.11,11.51,3.38,1.97,1.77,2.29,naka
2.91,2.77,9.29,11.52,3.18,1.97,1.77,2.38,naka
2.97,2.7,9.87,11.55,3.27,2.06,1.79,2.37,naka
2.86,2.77,10.5,16.23,5.19,2.17,2,2.29,naka
2.86,2.77,10.5,16.4,5.21,2.18,2.04,2.33,naka
2.97,2.81,10.5,16.27,5.32,2.36,2.07,2.38,naka
2.91,2.81,10.52,16.34,5.32,2.39,2.16,2.77,naka
2.98,3.33,12.43,16.36,5.34,2.42,2.16,2.74,naka
2.98,3.33,12.4,16.44,5.36,2.43,2.17,2.75,naka
3.01,3.34,12.39,16.05,5.31,2.44,2.26,2.75,naka
3.01,3.36,12.36,16.17,5.42,2.48,2.26,2.66,naka
3.13,3.29,11.52,16.21,5.54,2.4,2.3,2.66,naka
3.11,3.29,11.52,18.72,5.54,2.55,2.17,2.7,naka
3.11,2.42,11.46,18.61,5.55,2.55,2.17,2.55,naka
3.04,2.45,11.59,18.61,5.51,2.63,2.18,2.55,naka
3.04,2.45,11.59,18.47,5.48,2.77,2.22,2.46,naka
3.08,2.48,11.71,17.54,5.2,2.66,2.13,2.33,naka
2.92,2.53,11.76,19.14,5.69,2.68,2.12,2.58,naka
2.96,3.23,14.21,19.17,5.74,2.73,2.12,2.72,naka
2.93,3.24,12.91,19.27,5.75,2.77,2.07,2.68,naka
2.93,3.24,12.91,19.81,5.75,2.74,2.09,2.68,naka
2.93,3.4,12.88,20.69,5.73,2.69,2.07,2.6,naka
2.8,3.36,12.56,20.88,5.93,2.58,2.06,2.64,naka
2.77,3.32,11.91,17.56,4.38,2.37,1.75,2.59,naka
2.77,3.38,12.06,17.59,4.35,2.45,1.69,2.55,naka
2.71,3.36,12.16,17.59,4.3,2.32,1.76,2.75,naka
2.71,3.38,12.19,17.52,4.35,2.32,1.53,2.27,naka
2.81,2.88,10.3,17.51,4.47,2.32,1.52,2.52,naka
2.84,2.8,10.38,17.62,4.44,2.36,1.5,2.52,naka
2.88,2.79,10.38,17.66,4.44,2.36,1.36,2.64,naka
3.08,2.79,10.46,17.43,4.16,2.32,1.38,2.65,naka
3.15,2.87,10.29,17.55,3.96,2.48,1.32,2.64,naka
3.27,2.85,10.29,14.72,3.94,2.32,1.41,2.6,naka
3.25,2.85,10.53,16.68,4.53,2.36,1.26,2.51,naka
3.27,2.85,10.39,16.68,4.53,2.43,1.32,2.55,naka
3.21,2.85,10.38,16.5,4.48,2.36,1.26,2.59,naka
3.21,2.85,10.19,16.07,4.48,2.36,1.26,2.59,naka
3.09,2.85,10.07,14.48,3.59,2.36,1.43,2.5,naka
3.02,2.42,6.38,14.51,3.54,2.52,1.43,2.43,naka
3.21,2.5,7.84,14.41,3.65,2.43,1.43,2.43,naka
3.21,2.51,7.87,13.21,3.65,2.44,1.48,2.4,naka
3.08,2.35,7.74,13.88,4.14,2.41,1.5,2.41,naka
3.08,2.3,7.58,13.66,4.24,2.41,1.52,2.38,naka
3.27,2.26,7.34,14.29,4.31,2.37,1.57,2.43,naka
3.25,2.17,7.01,14.03,4.3,2.31,1.63,2.77,naka
3.3,2.33,6.78,13.96,4.21,2.28,1.48,2.63,naka
3.5,2.39,10.64,13.97,4.21,2.25,1.61,2.62,naka
3.42,2.42,10.54,14.06,4.06,2.25,1.63,2.41,naka
3.42,2.46,11.27,13.89,4.06,2.25,1.63,2.49,naka
3.47,2.47,11.27,13.81,4.25,2.28,1.63,2.32,naka
3.29,2.47,11.23,13.76,4.26,2.37,1.61,2.32,naka
4.1,2.97,11.99,13.51,4.38,2.57,1.83,3.22,naka
4.15,2.97,12,13.46,4.43,2.65,1.72,3.26,naka
4.17,3.05,12,10.91,3.83,2.62,1.72,3.29,naka
4.17,3.02,12.57,11.1,3.82,2.46,1.67,3.32,naka
4.19,3.02,12.62,13.32,4.22,2.53,1.88,3.36,naka
4.19,3.06,12.62,15.11,4.56,2.49,1.92,3.36,naka
4.19,2.98,12.71,15.31,4.75,2.61,1.82,3.27,naka
4.21,2.75,12.57,15.17,4.72,2.4,1.86,3.23,naka
4.12,2.67,11.66,15.17,4.66,2.4,1.86,3.24,naka
4.12,2.81,11.95,15.19,4.74,2.43,1.82,3.26,naka
4.09,2.77,11.94,13.28,4.65,2.51,1.82,3.26,naka
4.14,2.85,14.49,13.92,4.2,2.48,1.86,3.26,naka
3.99,2.92,14.59,13.92,4.13,2.49,1.92,3.19,naka
4.01,2.92,14.88,13.92,4.13,2.49,1.92,2.92,naka
4.13,2.78,15.08,13.74,4.12,2.82,2.35,2.92,naka
3.91,2.71,13.7,13.91,4.54,3.11,2.35,3,naka
3.84,2.79,13.49,15.24,4.69,3.15,2.47,2.93,kusuri
6.72,2.82,13.5,15.21,4.49,3.13,2.7,2.94,kusuri
7.41,2.92,13.56,15.21,4.75,3.44,3.02,2.94,kusuri
7.59,2.32,12.9,15.23,5.04,3.19,3.02,1.96,kusuri
7.83,2.32,12.91,15.25,5.47,3.13,3.08,1.92,kusuri
7.93,2.27,12.74,15.4,7.82,3.25,3.11,1.88,kusuri
8.36,2.28,12.21,15.26,7.9,3.26,3.29,1.88,kusuri
8.7,2.28,12.21,13.43,8.01,3.16,3.24,1.76,kusuri
12.14,2.28,12.21,11.37,7.97,3.16,3.28,1.83,kusuri
12.39,2.28,12.14,10.55,8.11,3.04,3.3,1.79,kusuri
12.4,2.28,12.13,10.59,8.85,3.14,3.28,1.73,kusuri
12.58,2.37,12.14,10.53,8.84,3.33,3.31,1.77,kusuri
13.51,2.29,11.86,10.93,8.93,3.31,3.49,1.72,kusuri
13.62,2.26,11.86,10.97,8.75,3.24,3.54,1.7,kusuri
14.46,2.2,8.49,10.21,9.46,3.23,3.63,1.76,kusuri
14.6,2.14,8.35,9.18,9.49,3.22,3.73,1.77,kusuri
14.88,2.14,7.95,10.93,10.49,3.2,3.71,1.73,kusuri
15.42,2.13,7.82,13.44,10.77,2.98,3.71,1.66,kusuri
15.61,2.17,5.71,13.32,10.59,2.81,3.76,1.52,kusuri
15.67,7.47,4.4,11.73,10.6,2.81,3.71,1.52,kusuri
17.92,7.42,4.47,11.68,10.94,2.77,3.68,1.57,kusuri
17.1,7.53,4.51,11.71,10.97,2.85,3.62,1.69,kusuri
16.83,7.49,4.22,11.72,10.86,2.42,3.39,1.69,kusuri
16.54,7.6,4.32,12.2,10.68,2.47,3.28,1.63,kusuri
16.46,7.6,4.28,12.26,10.46,2.47,3.21,1.61,kusuri
16.59,7.64,4.23,11.98,8.94,2.3,3.19,1.61,kusuri
16.4,7.67,4.23,12.47,8.9,2.3,3.02,1.53,kusuri
16.21,7.69,4.31,13.51,9.33,2.3,2.94,1.53,kusuri
17.22,7.75,4.29,13.55,9.2,2.31,2.87,1.45,kusuri
17.08,7.86,4.4,13.58,8.98,2.31,2.85,1.58,kusuri
17.07,7.83,4.43,13.58,8.23,2.14,2.85,1.6,kusuri
16.96,7.81,4.52,13.8,8.42,1.88,2.85,1.67,kusuri
16.29,7.78,4.49,13.46,8.42,1.88,2.63,1.69,kusuri
17.36,7.81,4.62,13.44,9.15,2.6,2.55,1.75,kusuri
16.72,7.79,4.62,13.56,8.45,2.68,2.43,1.7,kusuri
16.6,7.78,4.62,13.56,9.52,2.77,2.26,1.75,kusuri
16.4,7.84,4.46,12.24,8.43,2.77,2.25,1.86,kusuri
16.11,7.89,4.36,10.15,8.09,2.72,1.86,1.92,kusuri
15.94,7.89,4.34,10.09,8.12,2.58,1.63,1.97,kusuri
15.99,3.44,4.4,9.84,8.15,2.49,1.75,2.04,kusuri
13.42,3.44,4.46,9.85,7.69,2.53,1.76,2,kusuri
13.33,3.17,4.81,9.82,7.69,2.45,1.52,1.94,kusuri
13.38,4.13,5.13,10.02,7.95,2.41,1.45,1.97,kusuri
13.44,4.01,5,9.38,8.38,2.32,1.5,1.99,kusuri
13.37,4.02,4.96,9.42,8.41,2.32,1.57,2,kusuri
13.17,3.98,5.08,10.05,8.32,2.33,1.61,2.04,kusuri
13.14,3.98,5.2,10.82,9.04,2.37,1.55,1.99,kusuri
16.69,4.08,4.96,9.46,8.3,2.33,1.57,2.04,kusuri
13.15,3.92,5.08,9.56,9.53,2.37,1.55,1.99,kusuri
13.13,3.75,4.91,9.39,11.92,2.36,1.6,1.88,kusuri
13.12,3.81,5.07,9.37,12.13,2.36,1.6,1.92,kusuri
13.26,4.03,5.52,9.14,12.07,2.32,1.53,1.86,kusuri
13.24,4.03,5.55,9.12,12.26,2.36,1.53,1.84,kusuri
11.72,4,5.45,9.17,11.87,1.55,1.58,1.79,kusuri
11.62,4,5.45,8.94,12.51,1.4,1.52,1.77,kusuri
11.62,4.09,5.38,8.95,12.86,1.22,1.38,1.72,kusuri
11.55,4.02,5.29,8.95,12.86,1.22,1.4,1.64,kusuri
11.18,3.92,4.98,8.15,12.84,1.32,1.4,1.52,kusuri
11.14,3.92,5,8.24,13.3,1.3,1.41,1.45,kusuri
11.53,3.88,4.84,8.38,13.59,1.32,1.24,1.45,kusuri
11.51,3.89,4.84,8.51,13.69,1.24,1.24,1.45,kusuri
13.32,4.04,4.67,9.58,14.6,1.66,1.26,1.38,kusuri
13.26,3.02,4.32,9.43,14.46,1.72,1.28,1.38,kusuri
13.46,2.9,4.59,9.42,14.32,1.83,1.28,1.52,kusuri
13.46,2.94,4.59,9.31,14.79,1.83,1.22,1.64,kusuri
13.65,2.9,4.54,8.62,14.82,1.87,1.16,1.58,kusuri
14.11,2.9,4.54,7.85,14.38,1.87,1.18,1.58,kusuri
10.02,2.67,4.62,7.8,14.38,1.91,1.34,1.53,kusuri
10.26,2.67,4.68,7.86,13.6,1.91,1.36,1.53,kusuri
10.24,2.6,4.76,8.12,12.04,1.92,1.28,1.53,kusuri
10.4,2.55,4.83,8.1,11.88,2.21,1.55,1.48,kusuri
10.35,2.18,4.15,8.29,11.82,2.2,1.55,1.43,kusuri
10.53,2.21,4.78,8.36,12.2,2.2,1.53,1.58,kusuri
10.48,2.18,4.81,8.32,12.12,2.24,1.48,1.6,kusuri
10.48,2.18,5.05,8.32,11.43,2.25,1.48,1.61,kusuri
11.3,2.18,5.17,8.73,10.11,2.25,1.48,1.67,kusuri
11.31,2.14,5.1,8.59,10.09,2.24,1.48,1.63,kusuri
11.49,2.14,5.1,8.55,10.13,2.14,1.41,1.63,kusuri
11.5,2.11,5.16,8.45,9.79,2.19,1.47,1.63,kusuri
10.95,2.11,5.37,8.31,9.61,2.19,1.53,1.5,kusuri
10.95,2.14,5.26,8.82,9.42,2.2,1.52,1.48,kusuri
8.7,1.84,5.5,8.06,7.9,1.91,1.52,1.55,kusuri
8.72,1.84,5.53,8.18,8.01,1.91,1.52,1.48,kusuri
8.38,1.84,5.53,8.36,7.81,1.91,1.6,1.32,kusuri
8.46,1.77,5.54,9.46,6.95,1.91,1.58,1.16,kusuri
8.09,1.84,5.54,9.65,6.99,1.87,1.57,1.16,kusuri
7.38,1.73,5.68,8.77,7.26,2.13,1.69,1.18,kusuri
6.91,1.75,5.63,8.75,7.48,2.1,1.61,1.18,kusuri
6.54,1.75,5.54,8.59,7.48,2.1,1.61,1.18,kusuri
6.5,1.73,5.48,8.34,6.7,2.1,1.63,1.18,kusuri
6.4,2.01,5.27,8.34,6.62,1.77,1.36,1.16,kusuri
6.17,2.05,5.44,8.15,6.59,1.77,1.38,1.14,kusuri
5.91,2.01,5.03,8.22,5.29,1.72,1.45,1.02,kusuri
5.91,2.05,5.01,8.94,5.19,1.66,1.45,1.02,kusuri
6.01,2.1,4.84,8.86,6.43,1.87,1.6,1,kusuri
4.25,1.95,4.73,8.52,6.43,1.92,1.58,0.89,kusuri
4.2,1.99,4.73,8.52,6.47,2.04,1.57,0.97,kusuri
3.85,2.09,4.81,10.06,7.04,2.21,1.7,0.97,kusuri
3.83,2.74,4.74,10.14,6.6,2.18,1.66,1,kusuri
3.94,2.69,4.48,10.16,6.24,2.18,1.66,1,kusuri
4.09,2.74,4.48,9.62,7.05,2.17,1.67,1,kusuri
6,2.74,3.89,9.45,7.33,2.17,1.79,0.92,kusuri
5.96,2.95,3.89,9.32,7.38,2.13,1.79,0.92,kusuri
5.89,2.95,3.56,9.18,7.39,2.31,1.72,1.02,kusuri
5.76,2.92,3.8,8.01,7.35,2.31,1.73,1.02,kusuri
5.82,2.92,3.86,8.36,7.26,2.3,1.73,1.05,kusuri
6.95,2.92,3.32,8.6,6.97,2.01,1.61,1.05,kusuri
6.93,2.95,3.32,8.67,9.67,2.29,1.69,1.12,kusuri
6.96,2.96,3.27,8.62,9.83,2.26,1.73,1.12,kusuri
7,2.96,3.24,8.66,9.94,2.26,1.73,1.12,kusuri
6.87,2.77,3.22,8.8,9.94,2.27,1.79,1.2,kusuri
6.87,2.77,3.43,9.17,9.96,2.37,1.99,1.28,kusuri
6.79,2.8,3.16,9.04,10.34,2.37,1.94,1.28,kusuri
6.78,2.77,3.32,8.35,10.33,2.41,2.04,1.28,kusuri
6.7,2.82,4.48,8.39,9.7,2.24,1.94,1.28,kusuri
6.7,2.86,4.48,8.43,9.68,2.2,1.99,1.36,kusuri
8.18,3.23,4.48,8.99,9.75,2.14,2,1.36,kusuri
10.11,3.19,4.44,7.22,9.62,2,1.94,1.41,kusuri
10.26,2.87,4.43,7.1,9.63,2.18,1.92,1.4,kusuri
10.2,2.84,4.45,7.41,9.82,2.18,2.07,1.38,kusuri
10.16,2.76,4.58,7.4,9.27,2.19,2.07,1.45,kusuri
9.15,2.78,4.58,7.13,9.18,2.28,1.97,1.45,kusuri
9.21,2.56,4.72,7.2,9.65,2.31,1.96,1.47,kusuri
9.36,2.59,5.43,7.58,9.66,2.07,1.96,1.47,kusuri
9.38,2.62,5.26,7.79,9.81,2.25,2,1.52,kusuri
9.4,2.53,5.32,7.35,10.85,2.29,2.19,1.57,kusuri
8.84,2.53,5.34,7.1,10.93,2.46,2.18,1.61,kusuri
8.83,2.49,5.34,7.03,8.48,2.24,2.12,1.57,kusuri
8.81,2.48,5.37,7.17,8.4,2.24,2.07,1.58,kusuri
8.78,2.52,5.41,7.03,8.28,2.24,2.06,1.57,kusuri
8.89,2.52,5.41,6.91,8.38,2.22,2.2,1.52,kusuri
9.28,2.49,5.15,6.33,8.42,2.12,2.02,1.47,kusuri
9.28,2.46,5.15,6.38,8.28,2.22,2.02,1.4,kusuri
9.31,2.46,5.1,6.32,8.28,2.22,1.92,1.38,kusuri
9.3,2.72,4.03,6.45,8.37,2.24,1.92,1.4,kusuri
9.3,2.65,4.06,6.62,8.41,2.27,1.92,1.34,kusuri
8.06,2.14,4.08,6.17,8.35,2.24,1.92,1.28,kusuri
6.82,2.14,4.24,6.22,8.01,2.2,1.92,1.28,kusuri
6.68,1.88,4.29,6.31,8.44,2.02,1.94,1.28,kusuri
7.12,1.94,4.32,6.11,8.69,2.02,1.73,1.3,kusuri
7.21,1.99,4.17,6.16,8.75,2.01,1.72,1.22,kusuri
7.18,1.94,4.84,6.28,8.62,2.1,1.76,1.28,kusuri
7.18,1.92,4.66,6.18,7.99,2.06,1.76,1.28,kusuri
7.05,1.88,4.21,6.47,8.04,2.06,1.72,1.2,kusuri
7.07,1.84,4.25,6.32,8.24,1.86,1.72,1.2,kusuri
7.11,1.84,4.33,6.13,6.86,1.92,1.48,1.14,kusuri
6.8,2.14,4.33,6.13,6.82,1.76,1.5,1.05,kusuri
6.82,2.19,4.33,6.13,6.8,1.72,1.5,1.05,kusuri
7.5,2.19,4.24,5.94,6.67,1.72,1.57,1.02,kusuri
7.53,2.14,4.2,5.97,6.64,1.76,1.58,1.02,kusuri
7.41,2.28,4.86,6.01,8.43,1.82,1.32,1.02,kusuri
7.5,2.44,4.84,6.09,8.54,1.83,1.38,1.02,kusuri
7.57,2.43,4.85,6.35,8.26,1.72,1.4,1.05,kusuri
7.59,2.51,5.18,6.38,8.45,1.72,1.45,1.14,kusuri
7.67,2.3,5.22,6.1,8.27,1.72,1.43,1.14,kusuri
7.67,2.29,5.35,5.77,9.47,1.79,1.43,1.2,kusuri
7.72,2.29,5.33,5.7,9.43,1.79,1.43,1.26,kusuri
6.69,2.26,5.21,6.23,9.41,1.79,1.38,1.48,kusuri
6.84,2.26,5.18,6.17,9.05,1.83,1.38,1.48,kusuri
6.41,2.21,5.44,13.67,9.12,2.02,1.52,1.53,kusuri
6.27,2.18,5.45,13.69,9.05,2.02,1.53,1.6,kusuri
6.33,2.18,4.86,14.81,9.04,1.87,1.61,1.6,kusuri
6.24,2.36,5.26,19.97,9.04,1.87,1.61,1.6,kusuri
6.15,2.35,5.26,19.77,9.07,1.83,1.73,1.6,kusuri
6.65,2.43,5.22,20.29,9.14,1.84,1.69,1.67,kusuri
6.53,2.67,4.98,20.31,9.92,1.77,1.67,1.66,kusuri
6.41,2.47,5.01,20.38,9.95,1.73,1.67,1.67,kusuri
6.45,2.43,5.07,20.44,10.35,1.73,1.63,1.67,kusuri
5.68,2.52,5.09,20.64,10.35,1.77,1.63,1.69,kusuri
5.65,2.52,5.21,20.62,12.21,1.84,1.63,1.7,kusuri
5.69,2.36,4.59,20.9,11.77,1.91,1.63,1.7,kusuri
4.75,2.19,4.59,20.87,11.89,1.91,1.58,1.7,kusuri
4.65,2.19,4.59,21.4,12.04,1.91,1.58,1.75,kusuri
4.61,2.09,4.18,21.46,11.91,1.87,1.53,1.75,kusuri
4.67,1.88,4.7,21.54,11.91,1.97,1.55,1.75,kusuri
4.65,1.94,4.55,22.31,11.22,1.87,1.55,1.69,kusuri
4.65,2.12,4.55,22.24,11.24,1.87,1.55,1.69,kusuri
7.23,2.63,4.7,22.21,11.24,1.87,1.55,1.45,kusuri
7.02,2.59,4.72,22.2,11.22,1.83,1.55,1.45,kusuri
7.04,2.6,4.57,18.53,10.8,1.6,1.41,1.45,kusuri
7.54,2.6,4.59,18.52,10.8,1.73,1.4,1.45,kusuri
7.48,2.61,4.58,17.6,10.85,1.8,1.3,1.4,kusuri
7.48,2.46,4.4,11.53,11,1.91,1.32,1.45,kusuri
7.63,2.47,4.08,11.56,10.94,1.91,1.16,1.45,kusuri
7.31,2.42,4.13,10.79,10.57,1.91,1.22,1.36,kusuri
7.57,2.19,4.34,11.1,9.78,1.87,1.4,1.36,kusuri
7.68,2.32,4.25,11.1,9.73,1.87,1.53,1.5,kusuri
7.71,2.37,4.31,11.42,9.38,1.86,1.58,1.48,kusuri
8.67,2.28,4.34,11.13,9.39,1.82,1.52,1.53,kusuri
8.68,2.28,4.24,11.13,6.8,1.7,1.52,1.53,kusuri
8.65,2.54,4.79,10.77,5.31,1.57,1.52,1.53,kusuri
8.66,2.57,4.79,10.75,4.79,1.61,1.52,1.58,kusuri
8.66,2.8,4.85,10.1,5.84,2.09,1.64,1.53,kusuri
11.22,3.45,6.72,10.03,7.22,2.18,1.69,1.72,kusuri
11.19,3.46,6.35,9.83,7.69,2.09,1.69,1.72,kusuri
11.19,3.43,6.35,8.01,7.29,2.07,1.64,1.72,kusuri
11.17,3.49,6.66,8.12,7.27,2.06,1.64,1.67,kusuri
9.54,3.13,6.53,7.79,7.31,2.06,1.64,1.67,kusuri
9.7,3.14,6.63,7.9,7.31,2.05,1.69,1.73,kusuri
9.68,3.16,6.55,7.79,7.92,2.05,1.69,1.69,kusuri
9.31,3.15,6.72,8.72,8.09,1.95,1.7,1.63,kusuri
9.32,3.15,6.73,8.69,8.17,1.84,1.66,1.67,kusuri
9.36,3.18,6.58,8.92,7.94,1.73,1.66,1.63,kusuri
9.25,3.24,7.57,10.29,10.09,1.77,1.7,1.63,kusuri
9.13,3.24,7.75,10.07,10.55,1.88,1.64,1.57,kusuri
8.95,3.28,7.79,10.14,10.55,1.88,1.52,1.58,kusuri
8.9,3.22,7.78,10.39,10.52,1.92,1.38,1.43,kusuri
9.8,3.56,7.71,9.91,10.47,1.92,1.38,1.58,kusuri
8.97,3.61,7.79,9.91,10.46,1.91,1.4,1.53,kusuri
9.92,3.85,7.85,10.03,10.46,2.01,1.4,1.53,kusuri
9.98,3.69,7.52,10.42,10.52,2.02,1.38,1.53,kusuri
9.98,3.69,7.52,10.5,10.82,2.17,1.43,1.61,kusuri
9.94,3.54,7.55,10.36,10.05,1.72,1.26,1.6,kusuri
6.96,2.95,6.12,10.36,9.12,1.58,1.26,1.4,kusuri
6.9,2.97,6.12,10.43,8.72,1.58,1.26,1.4,kusuri
7.32,2.98,6.14,10.9,8.73,1.64,1.53,1.4,kusuri
7.92,2.77,5.81,10.83,8.74,1.77,1.53,1.45,kusuri
7.99,2.76,5.81,10.81,8.72,1.76,1.53,1.5,kusuri
7.79,2.76,5.67,10.84,8.95,1.77,1.47,1.58,kusuri
7.97,2.73,5.62,11.07,8.49,2.22,1.7,1.63,kusuri
7.96,2.77,5.4,11.52,8.38,2.22,1.7,1.63,kusuri
7.97,2.79,5.4,11.7,8.23,2.22,1.69,1.58,kusuri
8.36,2.9,5.43,11.39,8.35,2.26,1.8,1.63,kusuri
8.34,2.9,3.89,11.72,7.25,2.39,1.87,1.64,kusuri
10.29,3,3.48,11.87,6.64,2.3,1.87,1.7,kusuri
10.33,2.96,3.11,12.38,6.68,2.3,1.87,1.75,kusuri
10.64,2.89,3.11,12.16,7.03,2.27,1.87,1.8,kusuri
9.75,2.44,3.18,12.17,7.03,2.28,1.83,1.8,kusuri
9.84,2.36,2.96,12.61,7.16,2.29,1.82,1.79,kusuri
8.88,2.24,2.82,12.85,7.16,2.2,1.82,1.77,kusuri
8.81,2.41,2.85,12.37,7.13,2.2,1.83,1.76,kusuri
8.9,2.46,2.82,12.32,6.7,2.12,1.9,1.64,kusuri
8.97,2.51,2.63,11.92,6.68,2.11,1.95,1.64,kusuri
9.06,2.63,3.24,12.1,6.76,2.12,1.91,1.6,kusuri
9.1,2.74,3.48,12.08,6.99,2.16,1.95,1.64,kusuri
8.87,2.77,3.81,11.64,7.01,2.12,1.79,1.66,kusuri
9.03,2.8,3.81,11.65,6.98,2.02,1.83,1.66,kusuri
8.96,2.81,3.83,11.7,6.95,2.07,1.82,1.6,kusuri
9.03,2.81,4.03,12.07,6.71,2.06,1.83,1.52,kusuri
8.9,2.84,4.06,12.22,6.58,1.58,1.61,1.47,kusuri
8.94,2.8,4.21,11.19,6.5,1.58,1.6,1.47,kusuri
9.01,2.8,4.22,11.02,6.5,1.58,1.66,1.45,kusuri
8.63,2.69,4.14,11.02,6.32,1.52,1.53,1.38,kusuri
8.77,2.65,4.14,9.24,4.51,1.24,1.4,1.43,kusuri
6.36,2.5,4.21,9.02,4.46,1.4,1.47,1.38,kusuri
6.41,2.46,4.3,8.32,4.64,1.4,1.47,1.32,kusuri
5.83,2.46,4.65,9.27,4.09,1.45,1.45,1.24,kusuri
5.87,2.54,4.65,9.58,4.57,1.43,1.45,1.07,kusuri
6.08,2.57,4.65,8.89,4.64,1.48,1.52,1.16,kusuri
6.14,3.54,5.02,8.55,4.64,1.48,1.52,1.34,kusuri
6.14,3.44,5,8.69,4.64,1.53,1.57,1.41,kusuri
6.98,3.4,5.13,9.01,4.76,1.38,1.48,1.55,kusuri
7.12,3.36,5.15,9.13,4.79,1.4,1.43,1.57,kusuri
6.98,3.31,4.55,8.82,5.87,1.53,1.43,1.57,kusuri
6.98,3.19,4.44,8.93,5.59,1.61,1.38,1.52,kusuri
6.94,3.19,4.12,8.95,5.66,1.61,1.3,1.57,kusuri
6.01,3.16,4.11,8.95,5.77,2.09,1.24,1.52,kusuri
6.08,3.22,4.18,8.85,5.78,2.05,1.26,1.53,kusuri
6.12,3.34,4.35,8.34,5.73,2.16,1.32,1.53,kusuri
6.1,3.32,4.84,8.69,5.73,2.14,1.3,1.53,kusuri
6.1,3.5,4.84,8.6,5.71,2.14,1.32,1.55,kusuri
6.05,3.5,4.83,8.82,5.75,2.18,1.26,1.61,kusuri
6.03,3.47,4.9,9.21,5.85,2.18,1.24,1.63,kusuri
5.84,3.62,4.98,11,5.68,2.21,1.3,1.57,kusuri
5.85,3.62,5.14,11.71,5.89,2.11,1.3,1.57,kusuri
5.66,3.65,5.07,11.55,6.02,2.14,1.3,1.57,kusuri
7.95,4.06,6.08,10.98,6.01,2.14,1.38,1.7,kusuri
8.79,4.3,6.05,10.89,6.51,2.19,1.38,1.69,kusuri
8.5,4.27,6.05,11.11,6.32,2.16,1.32,1.63,kusuri
8.46,3.32,5.77,11.27,6.38,2.14,1.3,1.5,kusuri
8.51,3.35,5.98,11.69,6.42,2.14,1.4,1.45,kusuri
7.84,3.35,5.98,12.12,6.24,2.16,1.32,1.36,kusuri
7.63,3.38,6.14,12.12,6.54,2.16,1.32,1.41,kusuri
7.81,3.38,6.19,13.83,5.48,2.06,1.38,1.41,kusuri
7.81,3.41,6.13,13.9,5.59,1.96,1.38,1.4,kusuri
7.93,3.38,6.2,14.86,5.52,2,1.45,1.32,kusuri
9.17,3.44,6.23,14.95,5.43,1.48,1.43,1.47,kusuri
9.13,3.44,6.17,15.15,5.7,1.48,1.48,1.47,kusuri
9.06,3.32,5.94,15.07,5.75,1.4,1.41,1.4,kusuri
9.89,3.35,5.55,14.96,5.86,1.55,1.43,1.53,kusuri
9.87,3.15,5.47,14.94,6.06,1.55,1.41,1.53,kusuri
10.23,3.19,5.51,15.13,6.79,1.55,1.55,1.61,kusuri
10.69,3.22,5.66,14.89,6.7,1.61,1.55,1.73,kusuri
10.91,3.06,5.74,13.68,6.7,1.55,1.5,1.73,kusuri
11.28,3.12,6.05,13.08,7.17,1.57,1.45,1.73,kusuri
11.28,3.1,6.08,13.12,6.89,1.57,1.5,1.73,kusuri
9.82,2.68,4.77,13.17,6.9,1.57,1.43,1.6,kusuri
9.07,2.22,4.77,13.21,6.05,1.5,1.57,1.6,kusuri
9.08,2.24,4.85,13.25,6.14,1.5,1.57,1.61,kusuri
9.21,2.24,5.96,13.08,6.48,1.57,1.58,1.6,kusuri
9.21,2.2,5.76,12.66,6.4,1.57,1.5,1.64,kusuri
9.28,2.43,5.65,12.03,6.57,1.57,1.5,1.82,kusuri
9.31,2.5,5.79,13.91,6.57,1.79,1.55,1.76,kusuri
9.14,2.41,5.74,12.21,6.6,1.77,1.5,1.75,kusuri
9.4,2.37,5.89,12.3,6.5,1.77,1.48,1.75,kusuri
9.61,2.38,5.99,11.07,6.47,1.72,1.43,1.87,kusuri
8.39,2.29,6.06,11.24,6.46,1.73,1.43,1.75,kusuri
8.41,2.24,6.07,11.61,7.17,1.77,1.36,1.75,kusuri
8.53,2.28,6.18,11.62,7.6,1.73,1.38,1.87,kusuri
7.53,2.28,6.15,11.13,7.55,1.66,1.43,1.76,kusuri
8.31,2.38,6.12,11.13,7.4,1.66,1.45,1.76,kusuri
7.83,2.29,6.14,10.69,6.83,1.6,1.3,1.63,kusuri
7.24,2.35,6.01,11.26,7.51,1.55,1.3,1.5,kusuri
6.91,2.35,5.86,11.81,7.51,1.55,1.36,1.52,kusuri
6.41,2.35,5.36,11.81,6.89,1.55,1.36,1.57,kusuri
6.51,2.33,5.36,11.92,6.92,1.5,1.3,1.57,kusuri
6.53,2.17,5.36,11.56,6.92,1.5,1.38,1.63,kusuri
6.52,2.17,5.4,11.77,9.02,1.5,1.2,1.64,kusuri
6.69,2.16,5.29,11.61,9.09,1.5,1.18,1.64,kusuri
6.74,2.2,3.9,11.54,8.99,1.43,1.24,1.66,kusuri
7.29,2.19,4.12,12.23,9.01,1.38,1.24,1.83,kusuri
7.08,2.09,5.31,13.61,8.97,1.38,1.24,1.61,kusuri
7.06,1.9,5.15,11.83,9.36,1.07,1.16,1.63,kusuri
7.9,1.95,6.01,13.27,9.66,1.1,1.16,1.97,kusuri
8.22,1.96,5.9,13,9.67,1.07,1.16,1.99,kusuri
8.09,1.96,5.69,13,9.66,1.1,1.16,1.87,kusuri
8.11,2.06,5.6,12.72,9.75,1.16,1.18,1.88,kusuri
8.67,2.02,5.59,12.16,9.35,1.1,1.18,1.87,kusuri
8.53,1.99,5.54,12.16,9,1.16,1.24,1.75,kusuri
8.76,2.13,5.6,12.49,8.97,1.1,1.18,1.86,kusuri
8.03,2.43,6.9,12.87,8.97,1.07,1.18,1.86,kusuri
7.98,2.43,6.84,12.87,8.9,1.1,1.24,1.97,kusuri
8.7,2.35,7.22,12.47,9.06,1.4,1.41,1.97,kusuri
8.75,2.35,7.22,12.4,10.75,1.79,1.41,1.97,kusuri
8.69,2.26,7.27,12.43,10.77,1.83,1.41,1.94,kusuri
8.62,2.27,7.25,12.03,10.83,1.87,1.47,1.97,kusuri
9.21,2.27,7.57,12.04,10.83,1.82,1.41,2.12,kusuri
9.24,2.27,7.54,11.67,9.24,1.83,1.43,2.16,kusuri
9.2,3.51,7.54,11.78,9.24,1.83,1.45,2.16,kusuri
9.04,3.49,7.59,11.79,9.66,1.83,1.45,2.16,kusuri
8.57,3.74,7.5,11.08,9.73,1.83,1.4,1.96,kusuri
8.58,3.8,6.8,9.51,9.65,1.83,1.47,1.96,kusuri
8.6,3.9,6.72,9.36,9.05,1.82,1.48,2,kusuri
7.87,3.88,6.05,7.15,8.71,1.82,1.48,1.72,kusuri
7.34,3.9,6.01,7.36,8.7,1.83,1.5,1.72,kusuri
7.05,3.99,6.02,8.28,8.7,1.82,1.5,1.84,kusuri
7.02,4.16,6.07,8.28,8.62,1.77,1.5,1.88,kusuri
6.29,4.25,6.14,8.45,8.33,1.77,1.52,1.9,kusuri
6.43,4.52,6.04,8.85,8.35,1.73,1.52,1.9,kusuri
6.17,4.44,5.99,8.41,8.5,1.77,1.52,1.79,kusuri
6.33,4.24,4.52,7.85,8.67,1.79,1.52,1.79,kusuri
6.52,4.32,4.65,7.88,8.72,1.79,1.47,1.67,kusuri
5.73,4.34,4.43,8.11,7.96,1.61,1.38,1.67,kusuri
5.62,4.32,4.43,7.55,5.5,1.18,1.32,1.67,kusuri
5.55,4.32,4.34,7.55,7.61,1.28,1.47,1.66,kusuri
5.59,4.32,4.36,8.26,10.36,1.38,1.41,1.66,kusuri
5.21,4.34,3.8,8.32,10.63,1.4,1.41,1.41,kusuri
5.37,4.34,3.9,8.32,10.57,1.38,1.4,1.36,kusuri
5.32,3.44,4.12,8.26,10.49,1.38,1.45,1.61,kusuri
5.34,3.55,4.24,10.21,11.19,1.77,1.4,1.6,kusuri
5.39,3.29,4.18,10.13,11.61,1.82,1.53,1.6,kusuri
5.36,3.11,4.06,10.09,11.62,1.82,1.48,1.6,kusuri
5.68,3.11,4,11.62,12.16,1.94,1.48,1.55,kusuri
5.65,3.29,4.44,11.8,12.21,1.94,1.48,1.5,kusuri
5.59,3.26,4.58,11.96,12.28,1.94,1.48,1.55,kusuri
5.63,3.17,5.07,11.36,13.23,2.05,1.53,1.4,kusuri
5.66,2.91,5,11.37,13.48,2.09,1.58,1.4,kusuri
7.65,3.07,4.92,11.78,13.66,2.09,1.58,1.45,kusuri
8.64,2.87,4.92,11.47,13.63,2.12,1.52,1.6,kusuri
8.67,3.77,4.9,11.47,13.55,2.07,1.57,1.6,kusuri
8.55,3.77,4.95,11.54,13.62,2.06,1.57,1.58,kusuri
8.46,3.67,4.84,11.7,13.57,2.05,1.57,1.58,kusuri
8.28,3.65,4.6,11.49,13.6,2.05,1.64,1.58,kusuri
8.35,3.7,4.6,11.32,13.59,2.09,1.69,1.57,kusuri
9.69,3.7,4.82,11.9,12.68,2.02,1.61,1.63,kusuri
9.68,3.69,4.8,12.11,10.47,1.92,1.66,1.57,kusuri
9.3,4.3,4.75,12.46,10.19,1.91,1.64,1.57,kusuri
9.39,8.72,4.69,12.42,10.17,2.02,1.66,1.61,kusuri
9.33,8.81,4.69,12.25,10.19,2.02,1.66,1.34,kusuri
9.69,8.78,4.5,10.7,8.94,1.7,1.64,1.36,kusuri
9.74,8.79,4.7,12.99,9.75,2.12,2.01,1.36,kusuri
9.94,9.12,4.76,13.02,9.79,2.11,2,1.34,kusuri
9.75,9.15,4.93,11.54,9.25,2.01,2,1.32,kusuri
9.79,9.15,4.42,11.4,9.25,2,2.04,1.32,kusuri
9.67,9.15,4.28,13.56,9.28,2.1,2.21,1.32,kusuri
10.42,9.31,3.67,13.95,7.9,1.99,2.21,1.4,kusuri
10.43,9.39,3.73,14.46,7.55,1.95,2.21,1.4,kusuri
9.18,9.36,3.73,14.02,7.55,1.95,2.21,1.32,kusuri
8.18,9.3,3.73,14.13,7.66,1.91,2.22,1.14,kusuri
10.67,8.98,3.79,14.22,7.74,1.92,2.18,1.3,kusuri
10.76,8.98,4.38,14.19,7.44,1.97,2.17,1.38,kusuri
10.81,8.99,4.35,15.47,7.45,1.97,2.17,1.36,kusuri
10.8,9.01,4.15,15.56,7.41,1.94,2.06,1.34,kusuri
10.8,8.99,4.17,15.56,7.5,1.94,2.12,1.34,kusuri
9.65,9.03,3.89,15.11,7.22,2,2.12,1.34,kusuri
10.01,9.13,3.98,14.6,7.22,1.99,2.07,1.34,kusuri
10.03,8.85,3.98,14.6,7.55,2.1,2.12,1.32,kusuri
11.65,5.27,4.54,14.73,7.81,2.67,2.21,1.53,kusuri
11.65,5.12,4.54,14.74,8.18,2.67,2.18,1.55,kusuri
11.35,5.12,4.88,14.71,8.08,2.7,2.18,1.53,kusuri
11.28,5.12,4.7,12.76,6.29,2.35,1.73,1.55,kusuri
11.18,4.49,4.63,12.6,6.39,2.35,1.73,1.57,kusuri
11.25,5.23,4.36,12.73,6.29,2.33,1.73,1.58,kusuri
11.82,5.29,4.48,12.73,6.26,2.5,1.69,1.57,kusuri
11.84,8.54,5.22,10.04,6.26,2.42,1.5,1.52,kusuri
11.15,8.36,5.21,9.51,6.22,2.42,1.5,1.47,kusuri
11.26,8.5,5.16,8.73,6.09,2.42,1.45,1.66,kusuri
11.21,8.43,5.2,8.73,6.27,2.41,1.45,1.72,kusuri
11.18,8.42,5.2,8.73,6.32,2.44,1.5,1.77,kusuri
9.1,8.49,5.15,8.73,6.57,2.44,1.57,1.66,kusuri
9.59,8.49,4.58,5.96,6.76,2.45,1.67,1.75,ko
9.71,8.49,4.58,5.83,6.93,2.6,2.01,1.96,ko
10.07,8.51,4.75,5.83,6.81,2.56,2.1,1.96,ko
11.08,8.7,6.99,5.81,6.77,2.47,2.24,2.02,ko
10.98,8.6,7.16,5.71,6.78,2.56,2.25,2.07,ko
11.07,8.67,7.28,5.59,6.86,2.56,2.21,2.09,ko
9.52,8.24,7.1,5.59,6.92,1.84,2.16,1.88,ko
9.55,8.23,6.97,5.59,6.76,1.84,2.19,1.88,ko
9.7,8.23,6.74,5.67,7,2,2.29,1.9,ko
9.7,8.22,6.74,5.75,7.03,2.11,2.28,1.94,ko
9.63,8.23,6.79,5.74,7.45,2.16,2.32,1.97,ko
9.54,7.71,6.82,5.67,7.39,2.17,2.31,2.01,ko
8.75,7.65,7.32,6.64,7.67,1.99,2.3,2.02,ko
9.5,3.7,6.99,7.08,7.72,2.02,2.43,2.01,ko
9.99,3.99,7.57,7.37,7.88,2.13,2.64,2.11,ko
10.32,3.63,7.57,7.37,7.88,2.13,2.71,1.91,ko
10.43,3.73,7.57,8,7.44,2.31,3.02,1.97,ko
11.03,3.73,7.65,7.91,8.65,2.37,2.99,1.92,ko
11.08,3.56,7.68,7.76,8.37,2.36,3.03,1.92,ko
10.94,3.54,7.7,8.28,8.89,2.6,3,1.82,ko
10.85,3.56,7.73,9.24,9.09,2.56,3.1,1.8,ko
10.85,3.61,7.76,9.78,8.98,2.49,2.97,1.57,ko
10.64,3.61,7.67,9.79,8.97,2.53,2.86,1.58,ko
9.55,3.01,5.85,9.94,9.1,2.54,2.73,1.45,ko
9.28,3.01,5.73,10.14,9.36,2.45,2.73,1.45,ko
9.15,2.87,5.73,10.14,9.1,2.4,2.73,1.45,ko
8.79,3.51,6.13,9.94,8.92,2.48,2.73,1.45,ko
8.75,3.57,6.19,10.3,9.27,2.48,2.69,1.5,ko
8.67,3.71,6.21,10.3,10.19,2.57,2.69,1.48,ko
8.66,3.77,6.21,10.45,10.15,2.52,2.69,1.43,ko
8.66,3.75,6.16,11.55,10.9,2.49,2.69,1.43,ko
8.67,3.78,6.16,11.45,11.15,2.52,2.7,1.43,ko
8.85,3.67,5.55,10.96,10.98,2.52,2.71,1.48,ko
7.99,3.65,5.34,11.76,10.84,2.49,2.57,1.55,ko
7.41,3.36,4.48,11.81,10.74,2.49,2.36,1.41,ko
6.75,3.2,4.53,11.81,11.11,2.49,2.26,1.48,ko
6.52,3.15,4.5,11.39,11.09,2.32,1.82,1.4,ko
5.46,3.15,4.36,11.31,10.17,2.4,1.82,1.41,ko
4.88,3.14,4.34,11.33,10.18,2.4,1.75,1.47,ko
4.46,3.41,4.25,11.33,9.71,2.13,1.8,1.47,ko
4,3.44,4.56,10.44,10.14,2.18,1.57,1.48,ko
3.74,3.58,4.52,10.36,10.15,2.09,1.41,1.55,ko
3.22,3.63,4.52,10.35,10.19,2.09,1.34,1.53,ko
3.35,4.51,7.6,10.35,10.27,2.09,1.32,1.52,ko
3.46,4.85,7.69,10.17,10.14,2.13,1.32,1.45,ko
3.46,4.81,7.66,10.17,10.12,2.1,1.32,1.43,ko
3.35,4.36,7.18,10.7,10.07,2.1,1.32,1.45,ko
3.35,4.52,7.46,10.38,9.56,2.1,1.4,1.38,ko
3.07,4.4,7.45,10.45,8.33,1.79,1.22,1.45,ko
3.1,4.44,7.45,10.45,8.45,1.73,1.4,1.58,ko
3.03,4.87,7.77,9.25,8.2,1.84,1.4,1.53,ko
3.01,4.95,7.74,9.24,7.85,1.8,1.4,1.48,ko
2.77,5.07,7.67,9.21,8.08,1.79,1.38,1.41,ko
3.18,5.08,8.27,7.9,8.19,1.99,1.52,1.34,ko
3.08,5.11,8.42,7.77,8.37,1.92,1.47,1.32,ko
3.08,5.14,8.63,9.31,7.85,1.92,1.47,1.41,ko
3.06,5.14,8.63,9.3,8.3,2.04,1.48,1.36,ko
3.12,5.14,8.86,9.62,8.15,1.83,1.48,1.36,ko
2.95,5.19,9.02,9.65,8.15,1.84,1.41,1.28,ko
3.23,5.05,9.02,10.33,8.14,1.84,1.34,1.28,ko
3.21,5.03,9.02,10.37,7.23,1.84,1.36,1.34,ko
3.15,5.34,9.07,9.9,7.23,1.84,1.43,1.28,ko
3.07,5.31,9.07,9.94,8.22,1.91,1.45,1.28,ko
2.97,4.84,6.59,9.79,8.09,1.91,1.45,1.28,ko
2.87,4.5,6.35,10.08,7.94,1.87,1.43,1.28,ko
2.87,5.61,6.39,9.72,7.97,1.87,1.41,1.36,ko
2.91,5.63,6.4,12.62,7.93,1.8,1.36,1.34,ko
2.91,5.82,6.2,12.8,8.54,1.84,1.3,1.36,ko
2.98,5.81,6.24,12.72,8.61,2.04,1.38,1.36,ko
3.24,5.74,6.24,12.53,8.51,2.14,1.22,1.2,ko
4.06,5.67,6.61,12.8,7.3,2.09,1.16,1.18,ko
4.15,5.56,6.7,12.83,7.28,2.12,1.16,1.24,ko
3.99,6.64,7.21,13.86,6.93,2.3,1.18,1.53,ko
3.67,6.67,6.55,13.88,6.8,2.13,1.07,1.55,ko
3.65,6.7,6.55,13.77,6.6,2.1,1.14,1.55,ko
3.59,6.91,6.38,12.78,6.83,2.19,1.22,1.47,ko
3.65,6.89,6.36,12.78,6.3,2.13,1.2,1.45,ko
3.91,6.97,6.14,12.82,6.36,2.13,1.2,1.45,ko
3.99,7.23,5.94,12.77,6.34,2.12,1.2,1.47,ko
3.86,7.37,6.14,12.13,6.46,2.12,1.2,1.47,ko
4.08,7.47,5.94,12.32,6.46,2.12,1.18,1.4,ko
4.13,7.14,5.88,12.45,6.4,2.12,1.1,1.38,ko
4.13,7.13,5.84,12.45,5.1,2.12,1.1,1.53,ko
4.16,7.04,5.81,12.52,5.05,2.21,1.12,1.55,ko
4.16,7.04,5.81,13.31,5.52,2.38,1.2,1.57,ko
4.31,6.19,5.72,13.27,5.48,2.37,1.64,1.52,ko
4.31,6.32,5.86,10.35,5.5,2.33,1.76,1.53,ko
4.32,6.09,5.86,10.11,4.63,2.29,1.8,1.52,ko
4.27,6.13,5.89,10.1,4.63,2.29,1.76,1.47,ko
4.53,6.45,6.15,10.21,4.54,2.37,1.8,1.6,ko
3.86,6.23,5.37,9.87,4.72,2.37,1.8,1.66,ko
3.81,6.42,5.29,9.87,4.71,2.33,1.79,1.6,ko
3.81,5.18,4.56,8.31,4.79,2.26,1.77,1.32,ko
4.12,5.13,4.52,8.19,5.03,2.35,2.05,1.47,ko
4.14,5.05,4.6,8.15,5.03,2.33,2.01,1.53,ko
4.14,4.86,4.41,8.15,4.75,2.25,1.96,1.53,ko
4.09,4.84,4.46,8.23,5.06,2.21,1.96,1.55,ko
3.81,4.73,4.97,7.78,5.77,2.26,1.95,1.55,ko
3.71,4.34,5.01,7.77,5.75,2.36,1.95,1.53,ko
3.71,4.1,5.26,7.45,5.87,2.39,1.96,1.58,ko
3.46,4.03,5.42,7.16,5.94,2.44,2.01,1.64,ko
3.51,4.3,5.42,7.31,5.93,2.52,2.02,1.64,ko
3.54,4.73,5.42,7.74,5.83,2.43,2.01,1.5,ko
3.54,4.6,5.58,7.63,5.73,2.35,2.01,1.5,ko
3.58,4.6,5.58,5.71,5.32,2.17,1.97,1.73,ko
3.51,4.69,5.58,5.76,5.41,2.17,1.69,1.73,ko
3.49,4.51,5.46,5.12,5.66,2.2,1.61,1.72,ko
3.52,4.46,5.27,5.12,5.45,2.21,1.55,1.72,ko
3.53,4.43,5.57,7.73,5.41,2.04,1.67,1.72,ko
3.41,4.05,5.35,7.57,5.63,1.83,1.63,1.58,ko
3.46,3.99,5.28,7.57,5.63,1.79,1.61,1.53,ko
3.51,3.78,5.31,7.53,5.63,1.77,1.67,1.53,ko
3.62,3.78,5.35,7.77,5.56,1.66,1.73,1.55,ko
3.62,3.89,5.43,7.82,5.34,1.58,1.32,1.47,ko
3.6,3.89,5.43,7.89,5.34,1.58,1.32,1.47,ko
3.6,3.73,5.43,8.19,5.94,1.63,1.34,1.47,ko
3.6,3.73,5.61,8.12,5.67,1.63,1.36,1.45,ko
3.63,3.7,5.04,8.15,4.99,1.7,1.36,1.5,ko
3.63,3.7,4.92,8.8,5.3,1.57,1.38,1.5,ko
3.55,3.65,4.47,9.27,5.03,1.5,1.43,1.43,ko
3.57,4.67,5.97,9.31,4.91,1.34,1.38,1.43,ko
3.57,4.4,5.98,9.14,4.95,1.24,1.43,1.58,ko
3.57,4.07,5.99,9.44,5.26,1.24,1.43,1.6,ko
3.54,4.12,5.84,10.53,5.55,1.24,1.43,1.6,ko
3.48,4.15,6.11,10.58,5.52,1.26,1.43,1.32,ko
3.71,4.05,6.11,10.54,5.64,1.55,1.43,1.32,ko
3.77,4.12,6.11,10.59,5.37,1.55,1.43,1.4,ko
3.77,4.72,6.22,10.59,5.47,1.6,1.45,1.41,ko
3.77,4.74,5.99,8.86,5.41,1.58,1.3,1.41,ko
3.38,4.74,5.92,9.04,5.18,1.58,1.3,1.48,ko
3.62,4.74,6.07,9.11,5.06,1.63,1.58,1.61,ko
3.54,4.68,6.99,9.2,5.14,1.64,1.58,1.61,ko
3.38,4.76,6.99,9.07,5.18,1.63,1.53,1.6,ko
3.03,4.68,7.58,9.02,5.18,1.57,1.53,1.6,ko
3.1,4.65,7.4,8.95,5.37,1.63,1.53,1.55,ko
3.57,4.65,7.51,9.56,4.7,1.58,1.52,1.5,ko
3.63,4.73,7.4,10.19,4.71,1.57,1.5,1.5,ko
3.67,4.86,7.61,10.29,4.62,1.41,1.5,1.58,ko
3.77,4.86,7.64,10.8,5.29,1.43,1.63,1.58,ko
3.81,4.86,7.62,10.46,5.62,1.58,1.8,1.6,ko
3.81,4.04,6.34,10.34,5.62,1.6,1.8,1.55,ko
3.71,4.04,6.42,10.26,6.01,1.53,1.8,1.47,ko
3.68,3.89,6.5,10.19,5.81,1.6,1.92,1.45,ko
3.65,4.32,6.53,9.05,5.53,1.6,1.92,1.45,ko
3.75,4.32,6.43,9.48,5.54,1.6,1.92,1.47,ko
4.34,4.68,7.41,9.52,5.41,1.34,1.87,1.47,ko
4.29,4.68,7.47,10.28,5.41,1.28,1.83,1.41,ko
4.24,3.99,8.27,10.32,5.52,1.28,1.83,1.41,ko
4.24,3.96,8.22,10.32,5.5,1.36,1.83,1.4,ko
4.19,3.86,8.23,10.77,5.58,1.63,2.02,1.34,ko
4.19,3.92,8.17,10.72,5.48,1.8,1.87,1.16,ko
4.19,3.95,7.43,12.12,5.52,1.8,1.82,1.16,ko
4.22,3.87,7.45,12.12,5.84,1.86,1.8,1.16,ko
4.2,4.02,6.78,12.28,6.04,1.86,1.86,1.07,ko
4.17,4.01,6.76,12.85,6.96,1.86,1.84,1.14,ko
3.79,4.38,6.69,12.23,6.95,1.86,1.86,1.12,ko
3.84,4.3,6.63,11.77,7.29,1.91,1.87,1.12,ko
3.84,4.15,6.38,11.66,7.67,1.92,1.92,0.92,ko
3.84,4.12,6.73,11.07,8.43,1.91,1.82,1.45,ko
3.79,4.11,7.81,10.96,8.26,1.91,1.6,1.58,ko
3.87,3.86,7.96,10.97,8.29,1.91,1.64,1.63,ko
3.96,4.08,8.08,11.09,8.13,2.11,1.64,1.58,ko
3.99,4.08,8.01,10.57,8.1,2.07,1.57,1.64,ko
4.09,3.72,8.1,11.15,8.1,2.17,1.61,1.64,ko
4.04,3.86,8.01,10.79,8.13,2.2,1.6,1.64,ko
3.22,3.43,7.11,11.26,8.33,2.24,1.61,1.64,ko
3.26,3.38,7.05,10.75,8.46,2.27,1.61,1.64,ko
3.26,3.38,5.94,10.72,8.42,2.24,1.61,1.63,ko
3.29,3.53,5.92,10.72,8.91,2.2,1.6,1.63,ko
3.31,3.85,6.11,10.35,8.89,2.02,1.4,1.67,ko
2.92,3.82,6.06,10.32,9.28,1.87,1.4,1.69,ko
2.96,3.77,6.1,8.67,9.22,1.91,1.4,1.7,ko
3.18,3.85,6.1,8.8,9.01,1.97,1.47,1.76,ko
3.24,4.2,6.09,8.57,8.9,1.99,1.41,1.82,ko
3.24,4.21,6.11,8.89,8.09,1.94,1.41,1.77,ko
3.28,4.12,6.15,9.4,8.08,1.92,1.47,1.79,ko
3.16,4.17,6.15,9.52,7.92,1.88,1.47,1.8,ko
3.07,4.18,6.16,9.56,7.55,1.99,1.47,1.84,ko
3.01,4.36,5.76,9.24,5.95,1.99,1.45,1.48,ko
3.13,4.36,4.12,9.5,5.86,1.88,1.5,1.4,ko
3.07,4.34,3.84,10.05,5.82,1.99,1.43,1.34,ko
2.94,4.13,3.51,9.87,5.62,1.77,1.36,1.32,ko
2.92,4.18,3.49,9.96,6.03,1.82,1.28,1.32,ko
2.85,4.06,3.26,9.39,6.03,1.7,1.22,1.3,ko
2.81,3.91,3.22,9.88,5.97,1.7,1.3,1.3,ko
2.59,3.91,3.09,9.3,5.69,1.66,1.36,1.3,ko
2.64,4.01,3.22,9.12,5.55,1.6,1.34,1.28,ko
2.71,4.06,3.41,9.12,5.45,1.6,1.34,1.36,ko
2.67,4.06,3.44,9.15,4.62,1.58,1.34,1.36,ko
2.67,3.75,3.07,9.01,4.59,1.63,1.26,1.3,ko
2.71,3.73,3.07,9.02,4.59,1.63,1.2,1.3,ko
2.64,3.89,2.77,8.93,4.59,1.63,1.22,1.28,ko
2.28,3.84,2.64,8.71,4.58,1.5,1.16,1.28,ko
2.28,3.34,3.06,8.73,4.53,1.73,1.22,1.2,ko
2.25,3.43,3.11,8.97,4.45,1.75,1.22,1.18,ko
2.14,3.06,3.11,8.48,4.49,1.76,1.14,1.16,ko
2.14,3.02,3.11,10.63,4.77,1.8,1.12,1.16,ko
2.14,3.02,3.21,10.59,4.75,1.67,1.05,1.1,ko
2.09,2.92,3.25,10.53,4.71,1.73,1.07,1.07,ko
1.94,2.93,4.21,10.3,4.7,1.73,1,1,ko
2.02,2.93,4.4,10.46,4.95,1.66,1.02,1,ko
2.13,2.92,4.36,10.48,5.11,1.66,1.02,1.02,ko
2.22,2.88,4.56,10.46,5.01,1.73,1.12,1.14,ko
2.17,2.98,4.54,10.66,6.72,2.05,1.18,1.16,ko
2.17,3.18,4.94,10.18,6.72,2.05,1.28,1.32,ko
2.16,3.18,5.12,10.42,6.62,2.04,1.2,1.3,ko
2.06,2.98,5.12,10.35,6.74,2.14,1.22,1.32,ko
2.06,2.94,5.04,12.33,7.2,2.13,1.2,1.26,ko
2.07,3.03,5.12,13.18,7.23,2.14,1.2,1.28,ko
2.07,3.03,5.68,13.2,7.22,2.11,1.2,1.34,ko
2.04,3.41,5.77,13.2,6.83,2.25,1.2,1.32,ko
2.07,3.29,5.77,13.71,6.91,2.2,1.18,1.32,ko
2.07,3.34,5.77,13.77,7.26,2.24,1.24,1.24,ko
2.26,3.3,5.63,14.85,7.9,2.05,1.24,1.26,ko
2.26,3.25,5.56,14.01,7.95,2.05,1.24,1.26,ko
2.52,3.24,5.49,14.15,7.95,2.09,1.32,1.28,ko
2.51,3.24,5.48,12.74,7.63,2.05,1.4,1.28,ko
2.51,3.24,5.52,12.76,7.63,2.06,1.38,1.28,ko
2.48,3.05,5.55,12.94,7.63,2.06,1.43,1.3,ko
3.31,3.17,4.87,12.97,7.64,2.1,1.48,1.45,ko
3.89,3.51,4.81,12.43,7.53,2.06,1.48,1.58,ko
3.83,3.75,4.89,12.93,8.14,2.07,1.48,1.57,ko
3.78,3.96,4.73,12.88,7.9,1.96,1.57,1.43,ko
3.78,3.86,4.81,12.65,6.52,1.67,1.64,1.67,ko
3.78,3.86,4.46,12.65,6.53,1.75,1.87,1.9,ko
3.94,3.88,4.3,12.45,6.56,1.76,1.88,1.9,ko
3.94,3.93,4.25,12.44,6.62,1.64,1.88,1.88,ko
3.88,3.91,4.22,10.47,6.07,1.77,1.9,1.87,ko
3.88,3.78,4.44,9.8,6.1,1.82,1.95,1.86,ko
3.96,3.88,3.73,10.92,6.1,1.8,1.96,2.54,ko
3.96,3.97,4.59,10.99,6.01,1.57,1.96,2.55,ko
3.94,4.07,4.59,10.33,7.02,1.57,1.97,2.7,ko
3.94,4.07,4.59,10.24,6.84,1.52,1.92,2.74,ko
3.83,4.15,5.02,8.59,6.56,1.58,1.88,2.77,ko
3.83,4.12,5.02,8.68,6.52,1.63,1.9,2.77,ko
3.73,4.12,5.46,8.39,6.58,1.57,1.86,2.77,ko
3.75,4.12,5.82,7.96,6.71,1.55,1.82,2.76,ko
4.35,4.12,5.92,7.94,6.71,1.55,1.94,2.75,ko
4.35,4.4,5.96,7.66,7.07,1.55,1.88,2.74,ko
3.79,4.32,6.06,9.19,7.22,1.5,1.84,2.66,ko
3.06,4.24,6.22,9.21,7.34,1.48,1.84,2.59,ko
3.06,4.4,6.68,8.39,6.53,1.53,1.84,2.63,ko
3.05,4.4,7.18,8.44,6.51,1.55,1.73,2.63,ko
3.05,4.43,7.47,8.73,6.51,1.48,1.6,2.51,ko
3.02,4.28,7.45,8.89,6.51,1.32,1.14,2.25,ko
2.84,4.28,7.45,9.49,6.47,1.3,1.12,2.29,ko
3.24,4.23,7.56,9.5,6.25,1.45,1.12,2.33,ko
3.31,4.43,7.93,9.54,6.33,1.45,1.12,2.33,ko
3.31,4.35,7.76,9.18,6.3,1.53,1.02,2.35,ko
3.19,4.46,7.86,7.87,6.69,1.55,1.02,1.52,ko
3.19,4.09,7.31,7.91,6.63,1.61,1,1.57,ko
3.19,3.99,7.36,7.9,5.43,1.63,0.97,1.3,ko
3.21,3.89,7.36,7.91,5.22,1.61,1,1.24,ko
3.15,3.79,7.04,7.91,4.65,1.57,1.07,1.18,ko
3.15,3.87,7.32,7.79,4.63,1.57,1.07,1.18,ko
3.08,4.71,7.64,7.95,4.52,1.58,1.07,1.2,ko
3.12,5.29,7.7,7.95,4.59,1.64,1.14,1.2,ko
2.36,5.4,7.55,7.95,4.59,1.64,0.95,1.22,ko
2.44,5.19,7.67,8.09,4.16,1.6,0.95,1.24,ko
2.39,5.26,7.65,6.38,4.46,1.58,0.92,1.22,ko
2.4,5.32,7.49,8.87,4.32,1.6,0.92,1.2,ko
2.49,5.25,7.12,9.56,5.21,1.6,1.02,1.14,ko
2.5,5.1,6.83,9.78,5.21,1.64,1.02,1.12,ko
2.5,5.2,6.76,9.56,5.36,1.66,1.05,1.05,ko
2.84,5.22,6.79,9.42,5.42,1.67,1.05,1.14,ko
2.88,5.2,6.84,8.82,5.4,1.8,1.14,1.24,ko
2.43,5.21,6.7,8.88,5.38,1.73,1.14,1.16,ko
2.38,5.42,6.42,8.94,5.26,1.66,1.12,1.18,ko
2.72,5.77,6.84,9.53,5.39,1.58,1.2,1.24,ko
2.93,5.62,7.5,9.83,5.94,1.57,1.18,1.32,ko
2.94,5.69,7.58,9.8,5.97,1.5,1.18,1.26,ko
2.93,5.81,7.69,10.15,6.38,1.48,1.18,1.32,ko
3.03,5.82,7.69,10.15,6.9,1.63,1.34,1.32,ko
3.41,5.86,7.67,10.19,6.88,1.61,1.26,1.32,ko
3.58,5.94,7.57,11.41,6.89,1.57,1.32,1.32,ko
3.57,5.3,6.89,11.32,6.88,1.69,1.3,1.38,ko
3.68,4.72,6.66,11.33,6.76,1.69,1.24,1.4,ko
3.6,4.63,7.45,11.44,6.77,1.73,1.22,1.45,ko
3.65,4.62,7.23,11.63,6.71,1.73,1.3,1.5,ko
4.04,4.72,7.19,13.71,6.36,1.79,1.38,1.52,ko
4.03,4.46,7.3,12.24,6.26,1.83,1.38,1.53,ko
4.07,4.39,7.18,11.71,5.55,1.9,1.3,1.52,ko
4.64,6.75,7.01,11.55,5.59,1.86,1.28,1.76,ko
4.95,8.02,6.78,11.88,5.54,1.84,1.34,1.76,ko
4.79,8.25,6.9,12.72,5.58,1.83,1.41,1.7,ko
4.79,8.26,6.87,14.37,5.65,1.76,1.36,1.7,ko
5.28,8.3,6.85,14.41,5.74,1.72,1.36,1.7,ko
5.28,8.16,6.67,14.36,5.85,1.66,1.36,1.69,ko
5.15,7.99,6.2,13.92,5.76,1.66,1.3,1.64,ko
5.11,7.99,5.33,13.63,4.77,1.67,1.32,1.58,ko
5.15,8.31,5.59,13.6,5.32,1.69,1.34,1.58,ko
5.19,8.2,5.53,13.38,5.15,1.7,1.34,1.52,ko
5.19,8.55,5.64,14.58,4.4,1.58,1.18,1.5,ko
4.97,8.55,5.67,14.55,4.39,1.6,1.2,1.48,ko
4.86,8.45,5.49,13.68,4.65,1.82,1.2,1.47,ko
4.88,8.55,5.5,14.02,4.7,1.75,1.22,1.4,ko
4.88,8.59,5.36,14.12,4.66,1.82,1.22,1.38,ko
4.94,8.61,4.39,14.04,4.77,1.76,1.3,1.3,ko
4.99,8.62,4.59,13.83,4.73,1.75,1.22,1.22,ko
4.68,8.75,4.7,12,5.01,1.7,1.16,1.22,ko
4.73,8.97,4.63,11.98,5.08,1.66,1.16,1.22,ko
4.66,8.87,4.71,12.03,5.39,1.66,1.16,1.22,ko
4.19,7.24,4.63,12.11,5.35,1.87,1.24,0.95,ko
3.81,5.73,4.67,11.81,5.35,1.87,1.16,1.02,ko
3.85,5.38,4.43,11.16,5.69,1.92,1.1,1.02,ko
3.85,5.45,4.61,8.92,5.63,1.92,1.26,0.81,ko
3.5,5.39,4.85,8.92,5.8,2.11,1.41,0.92,ko
3.5,5.23,4.92,9.08,5.69,2.21,1.43,0.92,ko
3.69,5.11,5.41,9.05,5.63,2.18,1.48,0.92,ko
3.61,5.15,5.46,9,5.67,2.17,1.47,0.95,ko
3.79,4.79,5.09,9.35,5.12,2.33,1.47,1.14,ko
3.75,4.8,5.04,9.6,4.8,2.33,1.48,1.14,ko
3.65,4.21,5.31,7.76,4.88,2.33,1.48,1.14,ko
3.65,4.44,5.27,7.83,5.05,2.32,1.48,1.16,ko
3.63,4.53,5.46,7.77,4.81,2.16,1.43,1.18,ko
3.6,4.53,5.55,7.28,4.85,2.12,1.41,1.18,ko
3.42,4.79,5.58,7.47,4.85,2.06,1.47,1.18,ko
3.3,4.71,5.41,7.91,6.06,2.17,1.47,1.2,ko
3.18,4.69,5.47,7.78,6.07,2.18,1.48,1.22,ko
3.22,4.25,5.4,7.47,5.81,2.21,1.48,1.2,ko
3.34,3.81,5.46,7.47,6.08,2.2,1.48,1.26,ko
3.34,3.83,5.43,7.39,5.83,2.14,1.55,1.26,ko
3.25,3.85,5.59,7.2,5.86,1.95,1.55,1.26,ko
3.29,3.89,5.76,7.77,5.77,1.95,1.57,1.2,ko
3.58,3.87,5.75,7.51,5.36,1.91,1.57,1.22,ko
3.63,3.79,6.15,7.52,5.36,1.87,1.48,1.28,ko
3.84,3.77,6.01,7.47,5.29,1.64,1.34,1.28,ko
3.84,3.83,6.28,7.53,5.4,1.5,1.34,1.3,ko
4.02,3.92,6.55,7.58,6.13,1.73,1.28,1.28,ko
4.05,3.97,6.42,7.74,6.07,1.75,1.36,1.28,ko
4.32,3.67,6.41,7.48,7.27,1.52,1.36,1.18,ko
4.32,3.77,6.45,7.23,7.39,1.57,1.34,1.26,ko
4.37,3.83,6.69,8.06,7.55,1.57,1.32,1.26,ko
4.37,3.53,6.69,8.06,7.43,1.58,1.38,1.32,ko
4.39,3.41,6.56,8.38,7.51,1.58,1.36,1.32,ko
4.44,3.33,6.47,8.73,7.46,1.58,1.43,1.32,ko
4.64,2.89,6.57,8.38,7.46,1.52,1.52,1.34,ko
4.64,2.97,6.71,7.97,6.48,1.38,1.47,1.32,ko
4.61,3,6.76,8.09,6.48,1.38,1.47,1.32,ko
4.7,3.35,6.73,7.99,6.57,1.38,1.47,1.32,ko
4.7,3.35,6.64,8.09,6.29,1.4,1.6,1.26,ko
4.76,3.35,6.64,8.14,6.29,1.32,1.53,1.34,ko
4.76,3.32,6.64,8.16,6.27,1.32,1.53,1.26,ko
5.22,3.47,6.94,7.59,7.21,1.73,1.58,1.41,ko
5.02,3.49,6.95,7.37,7.18,1.72,1.58,1.41,ko
5.18,3.64,6.41,7.64,7.18,1.83,1.58,1.41,ko
4.9,3.63,6.39,8.33,7.77,1.84,1.63,1.61,ko
4.93,3.58,6.08,9.83,8.58,1.9,1.63,1.73,ko
4.73,3.64,5.5,9.88,8.07,1.73,1.63,1.75,ko
4.7,3.59,5.71,9.88,8.05,1.73,1.57,1.75,ko
4.3,3.59,5.72,9.84,7.1,1.73,1.57,1.7,ko
4.33,3.49,5.57,9.81,7.1,1.69,1.57,1.66,ko
4.33,3.56,5.37,9.04,7.16,1.69,1.58,1.79,ko
4.31,3.78,6.71,9.07,7.28,1.67,1.53,1.73,ko
4.74,3.84,6.78,8.73,7.2,1.67,1.67,1.73,ko
4.88,3.7,6.78,10.21,7.42,1.72,1.63,1.73,ko
4.82,5.26,8.01,12.73,7.4,1.94,1.55,1.84,ko
4.95,5.39,7.98,13.09,7.51,1.94,1.55,1.86,ko
4.93,5.39,7.85,13.19,7.53,1.94,1.53,1.86,ko
4.81,5.23,8.3,13.25,7.53,1.9,1.53,1.86,ko
4.76,5.49,8.22,13.21,7.5,1.9,1.4,1.84,ko
4.68,5.47,8.2,13.22,7.49,1.95,1.4,1.8,ko
4.74,5.76,8.16,13.21,7.51,1.96,1.4,1.86,ko
4.19,5.6,7.83,14.15,6.61,1.61,1.34,1.79,ko
5.32,5.6,7.84,14.15,6.63,1.63,1.48,1.79,ko
5.09,5.56,7.84,14.45,6.86,1.48,1.43,1.75,ko
4.98,5.56,7.82,14.35,6.24,1.48,1.43,1.5,ko
4.96,5.67,8.41,14.02,5.2,1.43,1.43,1.34,ko
4.96,5.6,8.31,14.47,5.32,1.52,1.43,1.48,ko
4.98,5.6,8.19,14.42,5.67,1.5,1.43,1.48,ko
4.94,5.58,8.37,14.45,5.55,1.5,1.43,1.47,ko
4.94,5.62,8.51,14.52,5.39,1.5,1.45,1.47,ko
4.9,5.57,8.32,14.73,5.07,1.48,1.45,1.32,ko
4.91,5.48,7.93,14.91,5.29,1.5,1.5,1.32,ko
4.51,5.45,7.87,15.28,5.29,1.5,1.34,1.32,ko
4.31,5.44,7.87,14.06,4.98,1.45,1.34,1.32,ko
4.37,3.92,6.61,11.82,5,1.14,1.34,1.16,ko
4.22,3.68,6.96,11.82,4.88,1.14,1.32,1.14,ko
4.43,4.28,6.89,11.72,5.08,1.75,1.32,1.12,ko
4.43,4.21,6.35,12.52,5,1.75,1.3,1.14,ko
4.39,3.82,6.36,12.55,5,1.79,1.45,1.22,ko
4.38,3.85,6.38,12.53,6.28,1.79,1.47,1.22,ko
4.3,3.66,6.31,12.67,6.26,1.83,1.4,1.16,ko
4.43,3.77,6.56,11.84,6.25,1.88,1.4,1.16,ko
3.29,3.75,6.62,12.5,6.24,1.92,1.22,1.16,ko
3.41,4.39,6.62,12.38,6.04,1.97,1.28,1.14,ko
3.39,4.92,6.8,12.01,6.27,2.26,1.5,1.32,ko
3.43,4.8,6.61,11.06,6.22,2.26,1.48,1.34,ko
3.36,4.75,7.2,10.63,6.52,2.16,1.53,1.16,ko
3.32,4.79,7.18,11.13,7.27,2.33,1.55,1.14,ko
3.35,4.79,6.96,11.26,8.28,2.33,1.55,1.14,ko
3.29,4.75,7.08,11.26,8.58,2.42,1.55,1.14,ko
3.35,4.81,7.12,11.07,8.67,2.46,1.53,1.12,ko
3.32,4.85,6.41,11.02,8.45,2.61,1.48,1.14,ko
3.3,4.91,6.35,10.51,8.55,2.61,1.48,1.12,ko
3.32,5.15,7.4,10.83,8.65,2.64,1.53,1.14,ko
3.05,5.6,7.55,11.27,10.28,2.67,1.48,1.12,ko
3.12,5.64,7.19,11.34,10.23,2.67,1.5,1.2,ko
2.85,5.41,7.3,11.25,10.12,2.36,1.52,1.2,ko
2.93,7.15,7.86,10.24,10.14,2.36,1.52,1.2,ko
